FILENAME | WORD_COUNT | HAS_SPECIFIC_DATA | HAS_UNIQUE_CONTENT | TEMPLATE_PHRASES_COUNT | DUPLICATE_CONCLUSIONS | GRADE | NOTES
--------------------------------------------------------------------------------------------------------------------------------------------------------------------------------------------------------
medical-dermatology/hair-scalp/PRP-hair-restoration.html | 376 | N | Y | 3 | Y | FAIL | SHORT_CONTENT; DUPLICATE_CONCLUSIONS(4)
medical-dermatology/hair-scalp/acquired-progressive-kinking-adult-hair-texture-changes.html | 849 | Y | Y | 0 | N | PASS | GENERIC_RISK_FACTORS(13)
medical-dermatology/hair-scalp/alopecia-areata-autoimmune-hair-loss-patches.html | 832 | Y | Y | 0 | N | PASS | GENERIC_RISK_FACTORS(14)
medical-dermatology/hair-scalp/alopecia-areata.html | 334 | Y | Y | 1 | Y | FAIL | SHORT_CONTENT; DUPLICATE_CONCLUSIONS(4)
medical-dermatology/hair-scalp/alopecia-children.html | 351 | N | Y | 2 | Y | FAIL | SHORT_CONTENT; DUPLICATE_CONCLUSIONS(4)
medical-dermatology/hair-scalp/alopecia-totalis-universalis.html | 342 | N | Y | 0 | Y | FAIL | SHORT_CONTENT; DUPLICATE_CONCLUSIONS(4)
medical-dermatology/hair-scalp/anagen-effluvium-chemotherapy-induced-hair-loss.html | 831 | Y | Y | 0 | N | PASS | GENERIC_RISK_FACTORS(13)
medical-dermatology/hair-scalp/androgenetic-alopecia-male-pattern-baldness.html | 274 | N | Y | 0 | Y | FAIL | SHORT_CONTENT; DUPLICATE_CONCLUSIONS(4); GENERIC_RISK_FACTORS(10)
medical-dermatology/hair-scalp/androgenetic-alopecia-pattern-hair-loss-explained.html | 832 | Y | Y | 0 | N | PASS | GENERIC_RISK_FACTORS(30)
medical-dermatology/hair-scalp/bubble-hair-heat-damage-at-the-microscopic-level.html | 834 | Y | Y | 0 | N | PASS | GENERIC_RISK_FACTORS(13)
medical-dermatology/hair-scalp/central-centrifugal-cicatricial-alopecia-hair-loss-in-black-women.html | 870 | Y | Y | 0 | N | PASS | GENERIC_RISK_FACTORS(13)
medical-dermatology/hair-scalp/central-centrifugal-cicatricial-alopecia.html | 385 | N | Y | 2 | Y | FAIL | SHORT_CONTENT; DUPLICATE_CONCLUSIONS(4)
medical-dermatology/hair-scalp/combination-therapy-hair-loss.html | 439 | N | Y | 3 | Y | FAIL | SHORT_CONTENT; DUPLICATE_CONCLUSIONS(4)
medical-dermatology/hair-scalp/dandruff.html | 377 | N | Y | 2 | Y | FAIL | SHORT_CONTENT; DUPLICATE_CONCLUSIONS(4)
medical-dermatology/hair-scalp/diffuse-alopecia-widespread-hair-thinning-causes.html | 835 | Y | Y | 0 | N | PASS | GENERIC_RISK_FACTORS(13)
medical-dermatology/hair-scalp/discoid-lupus-and-hair-loss-autoimmune-scarring.html | 884 | Y | Y | 0 | N | PASS | GENERIC_RISK_FACTORS(14)
medical-dermatology/hair-scalp/dissecting-cellulitis-of-the-scalp-perifolliculitis-treatment.html | 888 | Y | Y | 0 | N | PASS | GENERIC_RISK_FACTORS(13)
medical-dermatology/hair-scalp/dissecting-cellulitis-scalp.html | 374 | N | Y | 1 | Y | FAIL | SHORT_CONTENT; DUPLICATE_CONCLUSIONS(4)
medical-dermatology/hair-scalp/dutasteride-for-hair-loss-stronger-dht-blocker.html | 873 | Y | Y | 0 | N | PASS | GENERIC_RISK_FACTORS(13)
medical-dermatology/hair-scalp/female-pattern-hair-loss-womens-hair-thinning-guide.html | 869 | Y | Y | 0 | N | PASS | GENERIC_RISK_FACTORS(13)
medical-dermatology/hair-scalp/female-pattern-hair-loss.html | 388 | N | Y | 2 | Y | FAIL | SHORT_CONTENT; DUPLICATE_CONCLUSIONS(4); GENERIC_RISK_FACTORS(11)
medical-dermatology/hair-scalp/finasteride-for-hair-loss-benefits-risks-and-alternatives.html | 869 | Y | Y | 0 | N | PASS | GENERIC_RISK_FACTORS(13)
medical-dermatology/hair-scalp/finasteride-hair-loss.html | 334 | N | Y | 3 | Y | FAIL | SHORT_CONTENT; DUPLICATE_CONCLUSIONS(4)
medical-dermatology/hair-scalp/folliculitis-decalvans-infected-follicles-causing-hair-loss.html | 833 | Y | Y | 0 | N | PASS | GENERIC_RISK_FACTORS(13)
medical-dermatology/hair-scalp/folliculitis-decalvans.html | 327 | N | Y | 2 | Y | FAIL | SHORT_CONTENT; DUPLICATE_CONCLUSIONS(4)
medical-dermatology/hair-scalp/frontal-fibrosing-alopecia-receding-hairline-in-women.html | 852 | Y | Y | 0 | N | PASS | GENERIC_RISK_FACTORS(13)
medical-dermatology/hair-scalp/frontal-fibrosing-alopecia.html | 346 | Y | Y | 2 | Y | FAIL | SHORT_CONTENT; DUPLICATE_CONCLUSIONS(4)
medical-dermatology/hair-scalp/hair-loss-and-thyroid-disease-the-hormonal-connection.html | 890 | Y | Y | 0 | N | PASS | GENERIC_RISK_FACTORS(15)
medical-dermatology/hair-scalp/hair-shaft-disorders-diagnosis-and-management-overview.html | 852 | Y | Y | 0 | N | PASS | GENERIC_RISK_FACTORS(13)
medical-dermatology/hair-scalp/hair-transplant-surgery-fue-vs-fut-explained.html | 849 | Y | Y | 0 | N | PASS | GENERIC_RISK_FACTORS(13)
medical-dermatology/hair-scalp/hair-transplantation-FUE-FUT.html | 335 | N | Y | 2 | Y | FAIL | SHORT_CONTENT; DUPLICATE_CONCLUSIONS(4)
medical-dermatology/hair-scalp/head-lice-diagnosis-and-modern-treatment-options.html | 836 | Y | Y | 0 | N | PASS | GENERIC_RISK_FACTORS(13)
medical-dermatology/hair-scalp/index.html | 1964 | N | Y | 0 | N | PASS | GENERIC_RISK_FACTORS(12)
medical-dermatology/hair-scalp/iron-deficiency-and-hair-loss-nutritional-factors.html | 881 | Y | Y | 0 | N | PASS | GENERIC_RISK_FACTORS(13)
medical-dermatology/hair-scalp/iron-deficiency-hair-loss.html | 375 | N | Y | 2 | Y | FAIL | SHORT_CONTENT; DUPLICATE_CONCLUSIONS(4)
medical-dermatology/hair-scalp/lichen-planopilaris-scarring-alopecia-from-inflammation.html | 835 | Y | Y | 0 | N | PASS | GENERIC_RISK_FACTORS(13)
medical-dermatology/hair-scalp/lichen-planopilaris.html | 318 | N | Y | 1 | Y | FAIL | SHORT_CONTENT; DUPLICATE_CONCLUSIONS(4)
medical-dermatology/hair-scalp/loose-anagen-syndrome-easily-pulled-hair-in-children.html | 860 | Y | Y | 0 | N | PASS | GENERIC_RISK_FACTORS(13)
medical-dermatology/hair-scalp/low-level-laser-therapy-for-hair-regrowth.html | 901 | Y | Y | 0 | N | PASS | GENERIC_RISK_FACTORS(13)
medical-dermatology/hair-scalp/low-level-laser-therapy-hair.html | 389 | N | Y | 2 | Y | FAIL | SHORT_CONTENT; DUPLICATE_CONCLUSIONS(4)
medical-dermatology/hair-scalp/microneedling-for-hair-growth-dermaroller-science.html | 871 | Y | Y | 0 | N | PASS | GENERIC_RISK_FACTORS(13)
medical-dermatology/hair-scalp/minoxidil-hair-loss.html | 313 | N | Y | 3 | Y | FAIL | SHORT_CONTENT; DUPLICATE_CONCLUSIONS(4)
medical-dermatology/hair-scalp/minoxidil-how-it-works-and-what-to-expect.html | 818 | Y | Y | 0 | N | PASS | GENERIC_RISK_FACTORS(13)
medical-dermatology/hair-scalp/monilethrix-beaded-hair-genetic-disorder.html | 815 | Y | Y | 0 | N | PASS | GENERIC_RISK_FACTORS(14)
medical-dermatology/hair-scalp/oral-minoxidil-low-dose-systemic-treatment.html | 839 | Y | Y | 0 | N | PASS | GENERIC_RISK_FACTORS(13)
medical-dermatology/hair-scalp/piedra-fungal-infection-of-the-hair-shaft.html | 828 | Y | Y | 0 | N | PASS | GENERIC_RISK_FACTORS(13)
medical-dermatology/hair-scalp/pili-torti-twisted-hair-syndrome.html | 831 | Y | Y | 0 | N | PASS | GENERIC_RISK_FACTORS(13)
medical-dermatology/hair-scalp/postpartum-hair-loss-shedding-after-pregnancy.html | 848 | Y | Y | 0 | N | PASS | GENERIC_RISK_FACTORS(13)
medical-dermatology/hair-scalp/postpartum-hair-loss.html | 385 | Y | Y | 2 | Y | FAIL | SHORT_CONTENT; DUPLICATE_CONCLUSIONS(4)
medical-dermatology/hair-scalp/prp-therapy-for-hair-loss-platelet-rich-plasma-treatment.html | 890 | Y | Y | 0 | N | PASS | GENERIC_RISK_FACTORS(13)
medical-dermatology/hair-scalp/scalp-acne-causes-prevention-and-treatment.html | 835 | Y | Y | 0 | N | PASS | GENERIC_RISK_FACTORS(13)
medical-dermatology/hair-scalp/scalp-biopsy-technique.html | 333 | N | Y | 2 | Y | FAIL | SHORT_CONTENT; DUPLICATE_CONCLUSIONS(4)
medical-dermatology/hair-scalp/scalp-eczema-managing-itchy-flaky-scalp.html | 832 | Y | Y | 0 | N | PASS | GENERIC_RISK_FACTORS(13)
medical-dermatology/hair-scalp/scalp-folliculitis-itchy-bumps-on-your-head.html | 843 | Y | Y | 0 | N | PASS | GENERIC_RISK_FACTORS(13)
medical-dermatology/hair-scalp/scalp-folliculitis.html | 332 | N | Y | 0 | Y | FAIL | SHORT_CONTENT; DUPLICATE_CONCLUSIONS(4)
medical-dermatology/hair-scalp/scalp-psoriasis-more-than-just-dandruff.html | 832 | Y | Y | 0 | N | PASS | GENERIC_RISK_FACTORS(13)
medical-dermatology/hair-scalp/scalp-psoriasis.html | 345 | N | Y | 2 | Y | FAIL | SHORT_CONTENT; DUPLICATE_CONCLUSIONS(4)
medical-dermatology/hair-scalp/seborrheic-dermatitis-of-the-scalp-causes-and-solutions.html | 882 | Y | Y | 0 | N | PASS | GENERIC_RISK_FACTORS(13)
medical-dermatology/hair-scalp/seborrheic-dermatitis-scalp.html | 376 | N | Y | 2 | Y | FAIL | SHORT_CONTENT; DUPLICATE_CONCLUSIONS(4)
medical-dermatology/hair-scalp/spironolactone-for-hair-loss-in-women.html | 896 | Y | Y | 0 | N | PASS | GENERIC_RISK_FACTORS(13)
medical-dermatology/hair-scalp/spironolactone-hair-loss.html | 326 | N | Y | 3 | Y | FAIL | SHORT_CONTENT; DUPLICATE_CONCLUSIONS(4)
medical-dermatology/hair-scalp/stress-related-hair-loss.html | 356 | N | Y | 3 | Y | FAIL | SHORT_CONTENT; DUPLICATE_CONCLUSIONS(4)
medical-dermatology/hair-scalp/telogen-effluvium-stress-related-hair-shedding.html | 839 | Y | Y | 0 | N | PASS | GENERIC_RISK_FACTORS(13)
medical-dermatology/hair-scalp/telogen-effluvium.html | 311 | N | Y | 0 | Y | FAIL | SHORT_CONTENT; DUPLICATE_CONCLUSIONS(4)
medical-dermatology/hair-scalp/thyroid-hair-loss.html | 365 | N | Y | 2 | Y | FAIL | SHORT_CONTENT; DUPLICATE_CONCLUSIONS(4)
medical-dermatology/hair-scalp/tinea-capitis-ringworm-of-the-scalp.html | 835 | Y | Y | 0 | N | PASS | GENERIC_RISK_FACTORS(13)
medical-dermatology/hair-scalp/topical-hair-loss-treatments-minoxidil-alternatives.html | 867 | Y | Y | 0 | N | PASS | GENERIC_RISK_FACTORS(13)
medical-dermatology/hair-scalp/traction-alopecia-hairstyle-related-hair-loss.html | 839 | Y | Y | 0 | N | PASS | GENERIC_RISK_FACTORS(13)
medical-dermatology/hair-scalp/traction-alopecia.html | 311 | N | Y | 0 | Y | FAIL | SHORT_CONTENT; DUPLICATE_CONCLUSIONS(4)
medical-dermatology/hair-scalp/trichoptilosis-science-of-split-ends.html | 824 | Y | Y | 0 | N | PASS | GENERIC_RISK_FACTORS(13)
medical-dermatology/hair-scalp/trichorrhexis-nodosa-weak-points-along-the-hair-shaft.html | 845 | Y | Y | 0 | N | PASS | GENERIC_RISK_FACTORS(13)
medical-dermatology/hair-scalp/trichorrhexis-nodosa.html | 360 | N | Y | 1 | Y | FAIL | SHORT_CONTENT; DUPLICATE_CONCLUSIONS(4)
medical-dermatology/hair-scalp/trichotillomania.html | 353 | N | Y | 0 | Y | FAIL | SHORT_CONTENT; DUPLICATE_CONCLUSIONS(4)
medical-dermatology/hair-scalp/uncombable-hair-syndrome-spun-glass-hair.html | 851 | Y | Y | 0 | N | PASS | GENERIC_RISK_FACTORS(13)
medical-dermatology/hair-scalp/woolly-hair-syndrome-tightly-coiled-hair-from-birth.html | 853 | Y | Y | 0 | N | PASS | GENERIC_RISK_FACTORS(13)
medical-dermatology/nails/beaus-lines-horizontal-grooves-across-nails.html | 835 | Y | Y | 0 | N | PASS | GENERIC_RISK_FACTORS(13)
medical-dermatology/nails/beaus-lines-nail.html | 320 | N | Y | 1 | Y | FAIL | SHORT_CONTENT; DUPLICATE_CONCLUSIONS(4)
medical-dermatology/nails/brittle-nails-onychorrhexis.html | 364 | Y | Y | 2 | Y | FAIL | SHORT_CONTENT; DUPLICATE_CONCLUSIONS(4)
medical-dermatology/nails/brittle-nails-onychoschizia-causes-and-solutions.html | 832 | Y | Y | 0 | N | PASS | GENERIC_RISK_FACTORS(13)
medical-dermatology/nails/candidal-onychomycosis-yeast-nail-infection.html | 839 | Y | Y | 0 | N | PASS | GENERIC_RISK_FACTORS(13)
medical-dermatology/nails/chemical-nail-avulsion-urea-paste-treatment.html | 848 | Y | Y | 0 | N | PASS | GENERIC_RISK_FACTORS(13)
medical-dermatology/nails/gel-and-acrylic-nail-damage-recovery-guide.html | 884 | Y | Y | 0 | N | PASS | GENERIC_RISK_FACTORS(13)
medical-dermatology/nails/green-nail-syndrome-pseudomonas-nail-infection.html | 851 | Y | Y | 0 | N | PASS | GENERIC_RISK_FACTORS(13)
medical-dermatology/nails/green-nail-syndrome-pseudomonas.html | 386 | Y | Y | 2 | Y | FAIL | SHORT_CONTENT; DUPLICATE_CONCLUSIONS(4)
medical-dermatology/nails/habit-tic-deformity.html | 352 | N | Y | 0 | Y | FAIL | SHORT_CONTENT; DUPLICATE_CONCLUSIONS(4)
medical-dermatology/nails/half-and-half-nails-lindsays-nails-and-kidney-disease.html | 843 | Y | Y | 0 | N | PASS | GENERIC_RISK_FACTORS(13)
medical-dermatology/nails/half-and-half-nails.html | 347 | N | Y | 0 | Y | FAIL | SHORT_CONTENT; DUPLICATE_CONCLUSIONS(4)
medical-dermatology/nails/index.html | 999 | N | Y | 0 | N | PASS | OK
medical-dermatology/nails/ingrown-toenail-conservative-and-surgical-treatment.html | 841 | Y | Y | 0 | N | PASS | GENERIC_RISK_FACTORS(13)
medical-dermatology/nails/ingrown-toenails-management.html | 278 | N | Y | 0 | Y | FAIL | SHORT_CONTENT; DUPLICATE_CONCLUSIONS(4)
medical-dermatology/nails/laser-treatment-for-toenail-fungus-does-it-work.html | 890 | Y | Y | 0 | N | PASS | GENERIC_RISK_FACTORS(13)
medical-dermatology/nails/melanonychia-dark-stripe-on-the-nail.html | 816 | Y | Y | 0 | N | PASS | GENERIC_RISK_FACTORS(13)
medical-dermatology/nails/nail-biopsy.html | 446 | N | Y | 2 | Y | FAIL | SHORT_CONTENT; DUPLICATE_CONCLUSIONS(4)
medical-dermatology/nails/nail-clubbing.html | 355 | N | Y | 3 | Y | FAIL | SHORT_CONTENT; DUPLICATE_CONCLUSIONS(4)
medical-dermatology/nails/nail-lichen-planus.html | 355 | N | Y | 0 | Y | FAIL | SHORT_CONTENT; DUPLICATE_CONCLUSIONS(4)
medical-dermatology/nails/nail-matrix-biopsy-diagnosing-nail-melanoma.html | 848 | Y | Y | 0 | N | PASS | GENERIC_RISK_FACTORS(13)
medical-dermatology/nails/nail-pitting-causes-from-psoriasis-to-alopecia.html | 836 | Y | Y | 0 | N | PASS | GENERIC_RISK_FACTORS(13)
medical-dermatology/nails/nail-pitting.html | 319 | Y | Y | 1 | Y | FAIL | SHORT_CONTENT; DUPLICATE_CONCLUSIONS(4)
medical-dermatology/nails/nail-psoriasis-pitting-ridging-and-crumbling.html | 832 | Y | Y | 0 | N | PASS | GENERIC_RISK_FACTORS(13)
medical-dermatology/nails/nail-psoriasis.html | 364 | N | Y | 1 | Y | FAIL | SHORT_CONTENT; DUPLICATE_CONCLUSIONS(4)
medical-dermatology/nails/nail-ridges-longitudinal-transverse.html | 388 | N | Y | 2 | Y | FAIL | SHORT_CONTENT; DUPLICATE_CONCLUSIONS(4)
medical-dermatology/nails/nail-ridges-vertical-lines-and-what-they-mean.html | 837 | Y | Y | 0 | N | PASS | GENERIC_RISK_FACTORS(13)
medical-dermatology/nails/nail-trauma.html | 412 | N | Y | 1 | Y | FAIL | SHORT_CONTENT; DUPLICATE_CONCLUSIONS(4)
medical-dermatology/nails/onycholysis-nail-lifting-from-the-nail-bed.html | 820 | Y | Y | 0 | N | PASS | GENERIC_RISK_FACTORS(13)
medical-dermatology/nails/onycholysis.html | 345 | N | Y | 1 | Y | FAIL | SHORT_CONTENT; DUPLICATE_CONCLUSIONS(4)
medical-dermatology/nails/onychomycosis-fungal-nails.html | 290 | Y | Y | 1 | Y | FAIL | SHORT_CONTENT; DUPLICATE_CONCLUSIONS(4)
medical-dermatology/nails/onychomycosis-toenail-fungus-complete-guide.html | 818 | Y | Y | 0 | N | PASS | GENERIC_RISK_FACTORS(13)
medical-dermatology/nails/paronychia-acute-chronic.html | 316 | Y | Y | 1 | Y | FAIL | SHORT_CONTENT; DUPLICATE_CONCLUSIONS(4)
medical-dermatology/nails/paronychia-nail-fold-infection-treatment.html | 818 | Y | Y | 0 | N | PASS | GENERIC_RISK_FACTORS(13)
medical-dermatology/nails/pincer-nail-correction-curved-nail-treatment.html | 848 | Y | Y | 0 | N | PASS | GENERIC_RISK_FACTORS(13)
medical-dermatology/nails/spoon-nails-koilonychia.html | 418 | Y | Y | 2 | Y | FAIL | SHORT_CONTENT; DUPLICATE_CONCLUSIONS(4)
medical-dermatology/nails/subungual-melanoma-nail.html | 349 | N | Y | 2 | Y | FAIL | SHORT_CONTENT; DUPLICATE_CONCLUSIONS(4)
medical-dermatology/nails/terrys-nails.html | 358 | Y | Y | 3 | Y | FAIL | SHORT_CONTENT; DUPLICATE_CONCLUSIONS(4)
medical-dermatology/nails/twenty-nail-dystrophy-trachyonychia-in-children.html | 839 | Y | Y | 0 | N | PASS | GENERIC_RISK_FACTORS(13)
medical-dermatology/nails/viral-warts-around-nails-periungual-verrucae.html | 871 | Y | Y | 0 | N | PASS | GENERIC_RISK_FACTORS(13)
medical-dermatology/nails/white-spots-on-nails-leukonychia-explained.html | 871 | Y | Y | 0 | N | PASS | GENERIC_RISK_FACTORS(13)
medical-dermatology/nails/yellow-nail-syndrome-thick-curved-yellow-nails.html | 858 | Y | Y | 0 | N | PASS | GENERIC_RISK_FACTORS(13)
medical-dermatology/nails/yellow-nail-syndrome.html | 415 | Y | Y | 1 | Y | FAIL | SHORT_CONTENT; DUPLICATE_CONCLUSIONS(4)
medical-dermatology/pediatric/atopic-dermatitis-children.html | 208 | N | Y | 0 | Y | FAIL | SHORT_CONTENT; DUPLICATE_CONCLUSIONS(4)
medical-dermatology/pediatric/baby-eczema-atopic-dermatitis-in-infants.html | 841 | Y | Y | 0 | N | PASS | GENERIC_RISK_FACTORS(13)
medical-dermatology/pediatric/cafe-au-lait-spots-when-to-worry.html | 834 | Y | Y | 0 | N | PASS | GENERIC_RISK_FACTORS(13)
medical-dermatology/pediatric/chickenpox-varicella.html | 198 | N | N | 0 | Y | FAIL | SHORT_CONTENT; DUPLICATE_CONCLUSIONS(4)
medical-dermatology/pediatric/childhood-eczema-long-term-management-strategies.html | 839 | Y | Y | 0 | N | PASS | GENERIC_RISK_FACTORS(13)
medical-dermatology/pediatric/childhood-vitiligo.html | 186 | N | Y | 1 | Y | FAIL | SHORT_CONTENT; DUPLICATE_CONCLUSIONS(4)
medical-dermatology/pediatric/congenital-melanocytic-nevi-large-birthmarks.html | 854 | Y | Y | 0 | N | PASS | GENERIC_RISK_FACTORS(13)
medical-dermatology/pediatric/congenital-melanocytic-nevi.html | 190 | N | Y | 0 | Y | FAIL | SHORT_CONTENT; DUPLICATE_CONCLUSIONS(4)
medical-dermatology/pediatric/cradle-cap-seborrheic-dermatitis-in-infants.html | 832 | Y | Y | 0 | N | PASS | GENERIC_RISK_FACTORS(13)
medical-dermatology/pediatric/cradle-cap-seborrheic-dermatitis.html | 191 | N | Y | 0 | Y | FAIL | SHORT_CONTENT; DUPLICATE_CONCLUSIONS(4)
medical-dermatology/pediatric/diaper-dermatitis-irritant-candidal.html | 199 | N | Y | 1 | Y | FAIL | SHORT_CONTENT; DUPLICATE_CONCLUSIONS(4)
medical-dermatology/pediatric/diaper-rash-prevention-and-treatment-guide.html | 832 | Y | Y | 0 | N | PASS | GENERIC_RISK_FACTORS(13)
medical-dermatology/pediatric/ehlers-danlos-syndrome-skin-fragility-and-elasticity.html | 835 | Y | Y | 0 | N | PASS | GENERIC_RISK_FACTORS(13)
medical-dermatology/pediatric/epidermolysis-bullosa-butterfly-children-disease.html | 831 | Y | Y | 0 | N | PASS | GENERIC_RISK_FACTORS(13)
medical-dermatology/pediatric/erythema-toxicum-neonatorum-common-newborn-rash.html | 856 | Y | Y | 0 | N | PASS | GENERIC_RISK_FACTORS(13)
medical-dermatology/pediatric/fifth-disease-parvovirus-b19.html | 198 | N | Y | 1 | Y | FAIL | SHORT_CONTENT; DUPLICATE_CONCLUSIONS(4)
medical-dermatology/pediatric/fifth-disease-slapped-cheek-syndrome.html | 839 | Y | Y | 0 | N | PASS | GENERIC_RISK_FACTORS(13)
medical-dermatology/pediatric/hand-foot-mouth-disease-hfmd.html | 216 | N | N | 1 | Y | FAIL | SHORT_CONTENT; DUPLICATE_CONCLUSIONS(4)
medical-dermatology/pediatric/head-lice-pediculosis-capitis.html | 207 | N | Y | 0 | Y | FAIL | SHORT_CONTENT; DUPLICATE_CONCLUSIONS(4)
medical-dermatology/pediatric/hemangiomas-of-infancy-strawberry-birthmarks.html | 847 | Y | Y | 0 | N | PASS | GENERIC_RISK_FACTORS(13)
medical-dermatology/pediatric/henoch-schonlein-purpura-vasculitis-in-children.html | 839 | Y | Y | 0 | N | PASS | GENERIC_RISK_FACTORS(13)
medical-dermatology/pediatric/ichthyosis-children-overview.html | 198 | N | Y | 0 | Y | FAIL | SHORT_CONTENT; DUPLICATE_CONCLUSIONS(4)
medical-dermatology/pediatric/ichthyosis-fish-scale-skin-disorders.html | 815 | Y | Y | 0 | N | PASS | GENERIC_RISK_FACTORS(13)
medical-dermatology/pediatric/incontinentia-pigmenti-x-linked-skin-disorder.html | 839 | Y | Y | 0 | N | PASS | GENERIC_RISK_FACTORS(13)
medical-dermatology/pediatric/index.html | 1193 | N | Y | 0 | N | PASS | OK
medical-dermatology/pediatric/infantile-hemangiomas-vascular.html | 187 | N | Y | 1 | Y | FAIL | SHORT_CONTENT; DUPLICATE_CONCLUSIONS(4)
medical-dermatology/pediatric/juvenile-psoriasis.html | 205 | N | N | 0 | Y | FAIL | SHORT_CONTENT; DUPLICATE_CONCLUSIONS(4)
medical-dermatology/pediatric/kawasaki-disease-skin-signs-and-diagnosis.html | 832 | Y | Y | 0 | N | PASS | GENERIC_RISK_FACTORS(13)
medical-dermatology/pediatric/measles-rash-recognition-and-management.html | 839 | Y | Y | 0 | N | PASS | GENERIC_RISK_FACTORS(13)
medical-dermatology/pediatric/measles-rash-rubeola.html | 188 | N | Y | 0 | Y | FAIL | SHORT_CONTENT; DUPLICATE_CONCLUSIONS(4)
medical-dermatology/pediatric/milia-in-newborns-tiny-white-bumps.html | 856 | Y | Y | 0 | N | PASS | GENERIC_RISK_FACTORS(13)
medical-dermatology/pediatric/milia-newborns.html | 193 | N | N | 1 | Y | FAIL | SHORT_CONTENT; DUPLICATE_CONCLUSIONS(4)
medical-dermatology/pediatric/molluscum-contagiosum-children.html | 200 | N | N | 0 | Y | FAIL | SHORT_CONTENT; DUPLICATE_CONCLUSIONS(4)
medical-dermatology/pediatric/mongolian-spots-blue-gray-birthmarks-in-infants.html | 835 | Y | Y | 0 | N | PASS | GENERIC_RISK_FACTORS(13)
medical-dermatology/pediatric/mongolian-spots-congenital.html | 190 | N | Y | 1 | Y | FAIL | SHORT_CONTENT; DUPLICATE_CONCLUSIONS(4)
medical-dermatology/pediatric/neonatal-acne.html | 189 | N | Y | 0 | Y | FAIL | SHORT_CONTENT; DUPLICATE_CONCLUSIONS(4)
medical-dermatology/pediatric/neonatal-cephalic-pustulosis-baby-acne-explained.html | 856 | Y | Y | 0 | N | PASS | GENERIC_RISK_FACTORS(13)
medical-dermatology/pediatric/neurofibromatosis-skin-manifestations-and-management.html | 824 | Y | Y | 0 | N | PASS | GENERIC_RISK_FACTORS(13)
medical-dermatology/pediatric/port-wine-stains-capillary-malformation-treatment.html | 834 | Y | Y | 0 | N | PASS | GENERIC_RISK_FACTORS(13)
medical-dermatology/pediatric/port-wine-stains-nevus-flammeus.html | 201 | N | N | 2 | Y | FAIL | SHORT_CONTENT; DUPLICATE_CONCLUSIONS(4)
medical-dermatology/pediatric/ringworm-children-tinea.html | 206 | N | N | 1 | Y | FAIL | SHORT_CONTENT; DUPLICATE_CONCLUSIONS(4)
medical-dermatology/pediatric/roseola-infantum-exanthem.html | 211 | N | N | 1 | Y | FAIL | SHORT_CONTENT; DUPLICATE_CONCLUSIONS(4)
medical-dermatology/pediatric/roseola-infantum-the-three-day-fever-rash.html | 832 | Y | Y | 0 | N | PASS | GENERIC_RISK_FACTORS(13)
medical-dermatology/pediatric/salmon-patches-angel-kisses-and-stork-bites.html | 836 | Y | Y | 0 | N | PASS | GENERIC_RISK_FACTORS(13)
medical-dermatology/pediatric/scabies-children.html | 197 | N | N | 2 | Y | FAIL | SHORT_CONTENT; DUPLICATE_CONCLUSIONS(4)
medical-dermatology/pediatric/scarlet-fever-rash.html | 202 | N | N | 0 | Y | FAIL | SHORT_CONTENT; DUPLICATE_CONCLUSIONS(4)
medical-dermatology/pediatric/scarlet-fever-streptococcal-skin-manifestation.html | 831 | Y | Y | 0 | N | PASS | GENERIC_RISK_FACTORS(13)
medical-dermatology/pediatric/transient-neonatal-pustular-melanosis-benign-newborn-rash.html | 868 | Y | Y | 0 | N | PASS | GENERIC_RISK_FACTORS(13)
medical-dermatology/pediatric/tuberous-sclerosis-skin-signs-of-genetic-disease.html | 843 | Y | Y | 0 | N | PASS | GENERIC_RISK_FACTORS(15)
medical-dermatology/pediatric/venous-malformations-blue-soft-birthmarks.html | 834 | Y | Y | 0 | N | PASS | GENERIC_RISK_FACTORS(13)
medical-dermatology/pediatric/warts-children-common-verruca.html | 205 | N | Y | 0 | Y | FAIL | SHORT_CONTENT; DUPLICATE_CONCLUSIONS(4)
medical-dermatology/pediatric/xeroderma-pigmentosum-extreme-sun-sensitivity.html | 834 | Y | Y | 0 | N | PASS | GENERIC_RISK_FACTORS(13)
medical-dermatology/skin-of-color/acne-keloidalis-nuchae.html | 292 | N | Y | 2 | Y | FAIL | SHORT_CONTENT; DUPLICATE_CONCLUSIONS(4)
medical-dermatology/skin-of-color/acne-scarring-in-dark-skin-minimizing-marks.html | 886 | Y | Y | 0 | N | PASS | GENERIC_RISK_FACTORS(13)
medical-dermatology/skin-of-color/acne-skin-of-color.html | 319 | N | Y | 1 | Y | FAIL | SHORT_CONTENT; DUPLICATE_CONCLUSIONS(4)
medical-dermatology/skin-of-color/building-a-skincare-routine-for-melanin-rich-skin.html | 915 | Y | Y | 0 | N | PASS | GENERIC_RISK_FACTORS(13)
medical-dermatology/skin-of-color/central-centrifugal-cicatricial-alopecia-hair-loss-prevention.html | 875 | Y | Y | 0 | N | PASS | GENERIC_RISK_FACTORS(13)
medical-dermatology/skin-of-color/central-centrifugal-cicatricial-alopecia.html | 332 | N | Y | 1 | Y | FAIL | SHORT_CONTENT; DUPLICATE_CONCLUSIONS(4)
medical-dermatology/skin-of-color/chemical-peels-for-dark-skin-safe-approach.html | 883 | Y | Y | 0 | N | PASS | GENERIC_RISK_FACTORS(13)
medical-dermatology/skin-of-color/chemical-peels-skin-of-color.html | 376 | N | Y | 6 | Y | FAIL | SHORT_CONTENT; DUPLICATE_CONCLUSIONS(4); HEAVY_TEMPLATE_USE(6)
medical-dermatology/skin-of-color/chemical-relaxer-damage-hair-and-scalp-burns.html | 851 | Y | Y | 0 | N | PASS | GENERIC_RISK_FACTORS(13)
medical-dermatology/skin-of-color/clinical-trial-diversity-skin-of-color-representation.html | 854 | Y | Y | 0 | N | PASS | GENERIC_RISK_FACTORS(13)
medical-dermatology/skin-of-color/cosmetic-dermatology-for-darker-skin-tones.html | 898 | Y | Y | 0 | N | PASS | GENERIC_RISK_FACTORS(13)
medical-dermatology/skin-of-color/culturally-competent-skincare-routines.html | 396 | N | Y | 3 | Y | FAIL | SHORT_CONTENT; DUPLICATE_CONCLUSIONS(4)
medical-dermatology/skin-of-color/dermatology-access-disparities-closing-the-gap.html | 853 | Y | Y | 0 | N | PASS | GENERIC_RISK_FACTORS(13)
medical-dermatology/skin-of-color/dermatosis-papulosa-nigra.html | 292 | N | Y | 1 | Y | FAIL | SHORT_CONTENT; DUPLICATE_CONCLUSIONS(4)
medical-dermatology/skin-of-color/disparities-dermatology.html | 319 | N | Y | 1 | Y | FAIL | SHORT_CONTENT; DUPLICATE_CONCLUSIONS(4)
medical-dermatology/skin-of-color/eczema-skin-of-color.html | 406 | N | Y | 0 | Y | FAIL | SHORT_CONTENT; DUPLICATE_CONCLUSIONS(4)
medical-dermatology/skin-of-color/finding-a-dermatologist-for-skin-of-color.html | 915 | Y | Y | 0 | N | PASS | GENERIC_RISK_FACTORS(13)
medical-dermatology/skin-of-color/hair-care-practices-dermatologic-health.html | 469 | N | Y | 4 | Y | FAIL | SHORT_CONTENT; DUPLICATE_CONCLUSIONS(4)
medical-dermatology/skin-of-color/hydroquinone-in-skin-of-color-safe-usage-guide.html | 884 | Y | Y | 0 | N | PASS | GENERIC_RISK_FACTORS(13)
medical-dermatology/skin-of-color/hypertrophic-scars-dark-skin.html | 321 | N | Y | 1 | Y | FAIL | SHORT_CONTENT; DUPLICATE_CONCLUSIONS(4)
medical-dermatology/skin-of-color/hypertrophic-scars-in-skin-of-color-treatment-guide.html | 900 | Y | Y | 0 | N | PASS | GENERIC_RISK_FACTORS(13)
medical-dermatology/skin-of-color/index.html | 1283 | Y | Y | 0 | N | PASS | GENERIC_RISK_FACTORS(7)
medical-dermatology/skin-of-color/keloid-formation-why-darker-skin-is-more-susceptible.html | 847 | Y | Y | 0 | N | PASS | GENERIC_RISK_FACTORS(13)
medical-dermatology/skin-of-color/keloid-management-skin-of-color.html | 321 | N | Y | 0 | Y | FAIL | SHORT_CONTENT; DUPLICATE_CONCLUSIONS(4)
medical-dermatology/skin-of-color/keloid-prevention-after-surgery-in-dark-skin.html | 920 | Y | Y | 0 | N | PASS | GENERIC_RISK_FACTORS(13)
medical-dermatology/skin-of-color/laser-safety-dark-skin.html | 375 | N | Y | 3 | Y | FAIL | SHORT_CONTENT; DUPLICATE_CONCLUSIONS(4)
medical-dermatology/skin-of-color/laser-treatment-safety-in-darker-skin-tones.html | 915 | Y | Y | 0 | N | PASS | GENERIC_RISK_FACTORS(13)
medical-dermatology/skin-of-color/melasma-darker-skin-tones.html | 336 | N | Y | 3 | Y | FAIL | SHORT_CONTENT; DUPLICATE_CONCLUSIONS(4)
medical-dermatology/skin-of-color/melasma-treatment-in-skin-of-color-special-considerations.html | 903 | Y | Y | 0 | N | PASS | GENERIC_RISK_FACTORS(13)
medical-dermatology/skin-of-color/misdiagnosis-in-dark-skin-recognizing-conditions-differently.html | 875 | Y | Y | 0 | N | PASS | GENERIC_RISK_FACTORS(13)
medical-dermatology/skin-of-color/natural-hair-care-preventing-traction-alopecia.html | 853 | Y | Y | 0 | N | PASS | GENERIC_RISK_FACTORS(13)
medical-dermatology/skin-of-color/post-inflammatory-hyperpigmentation-in-dark-skin.html | 884 | Y | Y | 0 | N | PASS | GENERIC_RISK_FACTORS(30)
medical-dermatology/skin-of-color/post-inflammatory-hyperpigmentation-pih.html | 298 | N | Y | 0 | Y | FAIL | SHORT_CONTENT; DUPLICATE_CONCLUSIONS(4); GENERIC_RISK_FACTORS(10)
medical-dermatology/skin-of-color/post-inflammatory-hypopigmentation.html | 350 | N | Y | 2 | Y | FAIL | SHORT_CONTENT; DUPLICATE_CONCLUSIONS(4); GENERIC_RISK_FACTORS(12)
medical-dermatology/skin-of-color/protective-hairstyles-reducing-hair-damage.html | 833 | Y | Y | 0 | N | PASS | GENERIC_RISK_FACTORS(13)
medical-dermatology/skin-of-color/pseudofolliculitis-barbae-razor-bumps-in-dark-skin.html | 835 | Y | Y | 0 | N | PASS | GENERIC_RISK_FACTORS(13)
medical-dermatology/skin-of-color/pseudofolliculitis-barbae-razor-bumps.html | 280 | N | Y | 1 | Y | FAIL | SHORT_CONTENT; DUPLICATE_CONCLUSIONS(4)
medical-dermatology/skin-of-color/skin-cancer-detection-dark-skin.html | 471 | N | Y | 2 | Y | FAIL | SHORT_CONTENT; DUPLICATE_CONCLUSIONS(4)
medical-dermatology/skin-of-color/skin-cancer-in-dark-skin-delayed-diagnosis-risks.html | 887 | Y | Y | 0 | N | PASS | GENERIC_RISK_FACTORS(13)
medical-dermatology/skin-of-color/sunscreen-for-dark-skin-protection-without-white-cast.html | 877 | Y | Y | 0 | N | PASS | GENERIC_RISK_FACTORS(13)
medical-dermatology/skin-of-color/sunscreen-melanin-rich-skin.html | 473 | N | Y | 1 | Y | FAIL | SHORT_CONTENT; DUPLICATE_CONCLUSIONS(4)
medical-dermatology/skin-of-color/traction-alopecia-textured-hair.html | 391 | N | Y | 1 | Y | FAIL | SHORT_CONTENT; DUPLICATE_CONCLUSIONS(4)
medical-dermatology/skin-of-color/vitiligo-dark-skin.html | 318 | N | Y | 0 | Y | FAIL | SHORT_CONTENT; DUPLICATE_CONCLUSIONS(4)
surgical-dermatology/mohs-surgery/advancement-flaps-reconstruction.html | 327 | N | Y | 2 | Y | FAIL | SHORT_CONTENT; DUPLICATE_CONCLUSIONS(4)
surgical-dermatology/mohs-surgery/advancement-flaps-sliding-tissue-for-wound-closure.html | 837 | Y | Y | 0 | N | PASS | GENERIC_RISK_FACTORS(13)
surgical-dermatology/mohs-surgery/choosing-mohs-surgeon.html | 441 | N | Y | 5 | Y | FAIL | SHORT_CONTENT; DUPLICATE_CONCLUSIONS(4); HEAVY_TEMPLATE_USE(5)
surgical-dermatology/mohs-surgery/cryosurgery-freezing-skin-lesions-with-liquid-nitrogen.html | 829 | Y | Y | 0 | N | PASS | GENERIC_RISK_FACTORS(13)
surgical-dermatology/mohs-surgery/cryosurgery-skin-lesions.html | 348 | N | Y | 3 | Y | FAIL | SHORT_CONTENT; DUPLICATE_CONCLUSIONS(4)
surgical-dermatology/mohs-surgery/curettage-electrodesiccation.html | 381 | N | Y | 1 | Y | FAIL | SHORT_CONTENT; DUPLICATE_CONCLUSIONS(4)
surgical-dermatology/mohs-surgery/electrosurgery-electrodesiccation-and-curettage.html | 818 | Y | Y | 0 | N | PASS | GENERIC_RISK_FACTORS(13)
surgical-dermatology/mohs-surgery/elliptical-excision-standard-surgical-removal.html | 832 | Y | Y | 0 | N | PASS | GENERIC_RISK_FACTORS(13)
surgical-dermatology/mohs-surgery/excisional-biopsy-diagnostic-and-therapeutic-removal.html | 833 | Y | Y | 0 | N | PASS | GENERIC_RISK_FACTORS(13)
surgical-dermatology/mohs-surgery/excisional-surgery-skin-lesions.html | 318 | N | Y | 3 | Y | FAIL | SHORT_CONTENT; DUPLICATE_CONCLUSIONS(4)
surgical-dermatology/mohs-surgery/full-thickness-skin-grafts-complete-skin-transfer.html | 849 | Y | Y | 0 | N | PASS | GENERIC_RISK_FACTORS(13)
surgical-dermatology/mohs-surgery/full-thickness-skin-grafts.html | 356 | N | Y | 3 | Y | FAIL | SHORT_CONTENT; DUPLICATE_CONCLUSIONS(4)
surgical-dermatology/mohs-surgery/hemostasis-in-skin-surgery-controlling-bleeding.html | 868 | Y | Y | 0 | N | PASS | GENERIC_RISK_FACTORS(13)
surgical-dermatology/mohs-surgery/incisional-biopsy.html | 290 | N | N | 5 | Y | FAIL | SHORT_CONTENT; DUPLICATE_CONCLUSIONS(4); HEAVY_TEMPLATE_USE(5)
surgical-dermatology/mohs-surgery/index.html | 1473 | N | Y | 0 | N | PASS | OK
surgical-dermatology/mohs-surgery/local-flap-repair-after-skin-cancer-surgery.html | 919 | Y | Y | 0 | N | PASS | GENERIC_RISK_FACTORS(13)
surgical-dermatology/mohs-surgery/managing-surgical-scars-minimizing-visible-marks.html | 852 | Y | Y | 0 | N | PASS | GENERIC_RISK_FACTORS(13)
surgical-dermatology/mohs-surgery/mohs-micrographic-surgery-overview.html | 319 | Y | Y | 2 | Y | FAIL | SHORT_CONTENT; DUPLICATE_CONCLUSIONS(4)
surgical-dermatology/mohs-surgery/mohs-surgery-basal-cell-carcinoma.html | 380 | N | Y | 1 | Y | FAIL | SHORT_CONTENT; DUPLICATE_CONCLUSIONS(4)
surgical-dermatology/mohs-surgery/mohs-surgery-day-what-to-expect.html | 382 | N | Y | 4 | Y | FAIL | SHORT_CONTENT; DUPLICATE_CONCLUSIONS(4)
surgical-dermatology/mohs-surgery/mohs-surgery-for-basal-cell-carcinoma-highest-cure-rate.html | 908 | Y | Y | 0 | N | PASS | GENERIC_RISK_FACTORS(13)
surgical-dermatology/mohs-surgery/mohs-surgery-for-squamous-cell-carcinoma.html | 897 | Y | Y | 0 | N | PASS | GENERIC_RISK_FACTORS(13)
surgical-dermatology/mohs-surgery/mohs-surgery-melanoma.html | 309 | N | Y | 4 | Y | FAIL | SHORT_CONTENT; DUPLICATE_CONCLUSIONS(4)
surgical-dermatology/mohs-surgery/mohs-surgery-on-the-ear-special-considerations.html | 885 | Y | Y | 0 | N | PASS | GENERIC_RISK_FACTORS(13)
surgical-dermatology/mohs-surgery/mohs-surgery-on-the-nose-preserving-function-and-appearance.html | 893 | Y | Y | 0 | N | PASS | GENERIC_RISK_FACTORS(13)
surgical-dermatology/mohs-surgery/mohs-surgery-recovery-timeline.html | 391 | Y | Y | 1 | Y | FAIL | SHORT_CONTENT; DUPLICATE_CONCLUSIONS(4)
surgical-dermatology/mohs-surgery/mohs-surgery-squamous-cell-carcinoma.html | 340 | N | Y | 1 | Y | FAIL | SHORT_CONTENT; DUPLICATE_CONCLUSIONS(4)
surgical-dermatology/mohs-surgery/mohs-surgery-step-by-step-the-procedure-explained.html | 857 | Y | Y | 0 | N | PASS | GENERIC_RISK_FACTORS(13)
surgical-dermatology/mohs-surgery/mohs-surgery-technique-step-by-step.html | 323 | N | Y | 4 | Y | FAIL | SHORT_CONTENT; DUPLICATE_CONCLUSIONS(4)
surgical-dermatology/mohs-surgery/mohs-surgery-vs-standard-excision.html | 476 | N | Y | 4 | Y | FAIL | SHORT_CONTENT; DUPLICATE_CONCLUSIONS(4)
surgical-dermatology/mohs-surgery/mohs-surgery-vs-wide-local-excision-comparing-approaches.html | 902 | Y | Y | 0 | N | PASS | GENERIC_RISK_FACTORS(13)
surgical-dermatology/mohs-surgery/post-mohs-wound-care-healing-after-surgery.html | 857 | Y | Y | 0 | N | PASS | GENERIC_RISK_FACTORS(13)
surgical-dermatology/mohs-surgery/punch-biopsy-small-circular-skin-sample.html | 842 | Y | Y | 0 | N | PASS | GENERIC_RISK_FACTORS(13)
surgical-dermatology/mohs-surgery/punch-biopsy-technique.html | 315 | N | Y | 5 | Y | FAIL | SHORT_CONTENT; DUPLICATE_CONCLUSIONS(4); HEAVY_TEMPLATE_USE(5)
surgical-dermatology/mohs-surgery/rotation-flaps-circular-movement-wound-closure.html | 833 | Y | Y | 0 | N | PASS | GENERIC_RISK_FACTORS(13)
surgical-dermatology/mohs-surgery/rotation-flaps-reconstruction.html | 327 | N | Y | 3 | Y | FAIL | SHORT_CONTENT; DUPLICATE_CONCLUSIONS(4)
surgical-dermatology/mohs-surgery/scar-management-mohs-surgery.html | 508 | N | Y | 7 | Y | FAIL | DUPLICATE_CONCLUSIONS(4); HEAVY_TEMPLATE_USE(7)
surgical-dermatology/mohs-surgery/second-intention-healing-when-wounds-heal-naturally.html | 853 | Y | Y | 0 | N | PASS | GENERIC_RISK_FACTORS(13)
surgical-dermatology/mohs-surgery/sentinel-lymph-node-biopsy-dermatology.html | 355 | N | Y | 2 | Y | FAIL | SHORT_CONTENT; DUPLICATE_CONCLUSIONS(4)
surgical-dermatology/mohs-surgery/shave-excision-surface-level-lesion-removal.html | 840 | Y | Y | 0 | N | PASS | GENERIC_RISK_FACTORS(13)
surgical-dermatology/mohs-surgery/shave-removal-technique.html | 385 | N | Y | 0 | Y | FAIL | SHORT_CONTENT; DUPLICATE_CONCLUSIONS(4)
surgical-dermatology/mohs-surgery/skin-cancer-recurrence-rates-procedures.html | 378 | N | Y | 1 | Y | FAIL | SHORT_CONTENT; DUPLICATE_CONCLUSIONS(4)
surgical-dermatology/mohs-surgery/slow-mohs-modified-technique-for-complex-cases.html | 844 | Y | Y | 0 | N | PASS | GENERIC_RISK_FACTORS(13)
surgical-dermatology/mohs-surgery/split-thickness-skin-grafts-partial-skin-harvest.html | 857 | Y | Y | 0 | N | PASS | GENERIC_RISK_FACTORS(13)
surgical-dermatology/mohs-surgery/split-thickness-skin-grafts.html | 354 | N | Y | 2 | Y | FAIL | SHORT_CONTENT; DUPLICATE_CONCLUSIONS(4)
surgical-dermatology/mohs-surgery/surgical-margins-skin-cancer.html | 408 | N | Y | 1 | Y | FAIL | SHORT_CONTENT; DUPLICATE_CONCLUSIONS(4)
surgical-dermatology/mohs-surgery/surgical-wound-infection-signs-when-to-call-your-doctor.html | 878 | Y | Y | 0 | N | PASS | GENERIC_RISK_FACTORS(13)
surgical-dermatology/mohs-surgery/suture-types-in-dermatologic-surgery.html | 880 | Y | Y | 0 | N | PASS | GENERIC_RISK_FACTORS(13)
surgical-dermatology/mohs-surgery/transposition-flaps-moving-adjacent-tissue.html | 832 | Y | Y | 0 | N | PASS | GENERIC_RISK_FACTORS(13)
surgical-dermatology/mohs-surgery/transposition-flaps.html | 318 | N | Y | 3 | Y | FAIL | SHORT_CONTENT; DUPLICATE_CONCLUSIONS(4)
surgical-dermatology/mohs-surgery/what-is-mohs-surgery-complete-patient-guide.html | 866 | Y | Y | 0 | N | PASS | GENERIC_RISK_FACTORS(13)
surgical-dermatology/mohs-surgery/wide-local-excision-for-melanoma-margin-guidelines.html | 885 | Y | Y | 0 | N | PASS | GENERIC_RISK_FACTORS(13)
surgical-dermatology/mohs-surgery/wound-care-after-skin-surgery.html | 361 | N | Y | 4 | Y | FAIL | SHORT_CONTENT; DUPLICATE_CONCLUSIONS(4)
surgical-dermatology/procedures/acne-scar-treatment-comprehensive-revision-guide.html | 853 | Y | Y | 0 | N | PASS | GENERIC_RISK_FACTORS(13)
surgical-dermatology/procedures/actinic-keratosis-treatment-freezing-creams-and-pdt.html | 851 | Y | Y | 0 | N | PASS | GENERIC_RISK_FACTORS(13)
surgical-dermatology/procedures/blepharoplasty-eyelid-surgery-in-dermatology.html | 817 | Y | Y | 0 | N | PASS | GENERIC_RISK_FACTORS(13)
surgical-dermatology/procedures/dermabrasion-mechanical-skin-resurfacing.html | 816 | Y | Y | 0 | N | PASS | GENERIC_RISK_FACTORS(13)
surgical-dermatology/procedures/dermabrasion-technique.html | 318 | N | Y | 4 | Y | FAIL | SHORT_CONTENT; DUPLICATE_CONCLUSIONS(4)
surgical-dermatology/procedures/dermatofibroma-diagnosis-and-removal-options.html | 817 | Y | Y | 0 | N | PASS | GENERIC_RISK_FACTORS(13)
surgical-dermatology/procedures/ear-lobe-repair-torn-and-stretched-piercings.html | 860 | Y | Y | 0 | N | PASS | GENERIC_RISK_FACTORS(13)
surgical-dermatology/procedures/ear-reconstruction-mohs.html | 301 | N | Y | 2 | Y | FAIL | SHORT_CONTENT; DUPLICATE_CONCLUSIONS(4)
surgical-dermatology/procedures/earlobe-repair.html | 307 | N | Y | 2 | Y | FAIL | SHORT_CONTENT; DUPLICATE_CONCLUSIONS(4)
surgical-dermatology/procedures/electrosurgery-dermatology.html | 302 | N | Y | 1 | Y | FAIL | SHORT_CONTENT; DUPLICATE_CONCLUSIONS(4)
surgical-dermatology/procedures/epidermoid-cyst-excision.html | 275 | N | Y | 2 | Y | FAIL | SHORT_CONTENT; DUPLICATE_CONCLUSIONS(4)
surgical-dermatology/procedures/epidermoid-cyst-removal-complete-excision-guide.html | 853 | Y | Y | 0 | N | PASS | GENERIC_RISK_FACTORS(13)
surgical-dermatology/procedures/ganglion-cyst-wrist-and-hand-lumps.html | 843 | Y | Y | 0 | N | PASS | GENERIC_RISK_FACTORS(13)
surgical-dermatology/procedures/hidradenitis-suppurativa-surgery-deroofing-and-excision.html | 858 | Y | Y | 0 | N | PASS | GENERIC_RISK_FACTORS(13)
surgical-dermatology/procedures/hidradenitis-suppurativa-surgery.html | 353 | N | Y | 3 | Y | FAIL | SHORT_CONTENT; DUPLICATE_CONCLUSIONS(4)
surgical-dermatology/procedures/hs-deroofing-procedure.html | 334 | N | Y | 3 | Y | FAIL | SHORT_CONTENT; DUPLICATE_CONCLUSIONS(4)
surgical-dermatology/procedures/hs-incision-drainage.html | 300 | N | Y | 2 | Y | FAIL | SHORT_CONTENT; DUPLICATE_CONCLUSIONS(4)
surgical-dermatology/procedures/hs-wide-excision.html | 370 | N | Y | 1 | Y | FAIL | SHORT_CONTENT; DUPLICATE_CONCLUSIONS(4)
surgical-dermatology/procedures/hypertrophic-scar-management-prevention-and-treatment.html | 850 | Y | Y | 0 | N | PASS | GENERIC_RISK_FACTORS(13)
surgical-dermatology/procedures/index.html | 1371 | N | Y | 0 | N | PASS | OK
surgical-dermatology/procedures/ingrown-toenail-surgery-partial-nail-avulsion.html | 850 | Y | Y | 0 | N | PASS | GENERIC_RISK_FACTORS(13)
surgical-dermatology/procedures/keloid-excision-adjuvant.html | 308 | N | Y | 2 | Y | FAIL | SHORT_CONTENT; DUPLICATE_CONCLUSIONS(4)
surgical-dermatology/procedures/keloid-treatment-flattening-raised-scars.html | 836 | Y | Y | 0 | N | PASS | GENERIC_RISK_FACTORS(13)
surgical-dermatology/procedures/laser-assisted-surgery-dermatology.html | 293 | N | Y | 2 | Y | FAIL | SHORT_CONTENT; DUPLICATE_CONCLUSIONS(4)
surgical-dermatology/procedures/lipoma-removal-fatty-tumor-excision.html | 836 | Y | Y | 0 | N | PASS | GENERIC_RISK_FACTORS(13)
surgical-dermatology/procedures/lipoma-removal-surgical.html | 271 | N | Y | 1 | Y | FAIL | SHORT_CONTENT; DUPLICATE_CONCLUSIONS(4)
surgical-dermatology/procedures/liposuction-dermatologic-surgeon-approach.html | 819 | Y | Y | 0 | N | PASS | GENERIC_RISK_FACTORS(13)
surgical-dermatology/procedures/local-anesthesia-skin-surgery.html | 333 | N | Y | 1 | Y | FAIL | SHORT_CONTENT; DUPLICATE_CONCLUSIONS(4)
surgical-dermatology/procedures/matricectomy-matrix-ablation.html | 318 | N | Y | 2 | Y | FAIL | SHORT_CONTENT; DUPLICATE_CONCLUSIONS(4)
surgical-dermatology/procedures/matricectomy-permanent-nail-removal.html | 824 | Y | Y | 0 | N | PASS | GENERIC_RISK_FACTORS(13)
surgical-dermatology/procedures/milia-extraction-tiny-cyst-removal.html | 841 | Y | Y | 0 | N | PASS | GENERIC_RISK_FACTORS(13)
surgical-dermatology/procedures/mole-removal-methods-and-what-to-expect.html | 838 | Y | Y | 0 | N | PASS | GENERIC_RISK_FACTORS(13)
surgical-dermatology/procedures/mole-removal-when-how.html | 268 | N | Y | 1 | Y | FAIL | SHORT_CONTENT; DUPLICATE_CONCLUSIONS(4)
surgical-dermatology/procedures/nail-bed-repair-trauma-and-reconstruction.html | 850 | Y | Y | 0 | N | PASS | GENERIC_RISK_FACTORS(13)
surgical-dermatology/procedures/nail-biopsy-diagnosing-nail-disorders.html | 841 | Y | Y | 0 | N | PASS | GENERIC_RISK_FACTORS(13)
surgical-dermatology/procedures/nose-reconstruction-mohs.html | 345 | N | N | 1 | Y | FAIL | SHORT_CONTENT; DUPLICATE_CONCLUSIONS(4)
surgical-dermatology/procedures/partial-nail-avulsion.html | 340 | N | Y | 4 | Y | FAIL | SHORT_CONTENT; DUPLICATE_CONCLUSIONS(4)
surgical-dermatology/procedures/pilar-cyst-removal-scalp-cyst-surgery.html | 850 | Y | Y | 0 | N | PASS | GENERIC_RISK_FACTORS(13)
surgical-dermatology/procedures/pilar-cyst-removal.html | 295 | N | Y | 2 | Y | FAIL | SHORT_CONTENT; DUPLICATE_CONCLUSIONS(4)
surgical-dermatology/procedures/pilonidal-cyst-surgery.html | 307 | N | Y | 2 | Y | FAIL | SHORT_CONTENT; DUPLICATE_CONCLUSIONS(4)
surgical-dermatology/procedures/rhinophyma-surgery-nasal-skin-reduction.html | 833 | Y | Y | 0 | N | PASS | GENERIC_RISK_FACTORS(13)
surgical-dermatology/procedures/scar-revision-surgery.html | 265 | N | Y | 2 | Y | FAIL | SHORT_CONTENT; DUPLICATE_CONCLUSIONS(4)
surgical-dermatology/procedures/seborrheic-keratosis-removal-benign-growth-treatment.html | 858 | Y | Y | 0 | N | PASS | GENERIC_RISK_FACTORS(13)
surgical-dermatology/procedures/skin-tag-removal-methods.html | 317 | N | Y | 2 | Y | FAIL | SHORT_CONTENT; DUPLICATE_CONCLUSIONS(4)
surgical-dermatology/procedures/skin-tag-removal-simple-office-procedure.html | 850 | Y | Y | 0 | N | PASS | GENERIC_RISK_FACTORS(13)
surgical-dermatology/procedures/subcision-for-rolling-acne-scars.html | 886 | Y | Y | 0 | N | PASS | GENERIC_RISK_FACTORS(13)
surgical-dermatology/procedures/subungual-hematoma-drainage-blood-under-the-nail.html | 851 | Y | Y | 0 | N | PASS | GENERIC_RISK_FACTORS(13)
surgical-dermatology/procedures/suture-techniques-dermatology.html | 323 | N | Y | 1 | Y | FAIL | SHORT_CONTENT; DUPLICATE_CONCLUSIONS(4)
surgical-dermatology/procedures/tca-cross-chemical-reconstruction-for-ice-pick-scars.html | 836 | Y | Y | 0 | N | PASS | GENERIC_RISK_FACTORS(13)
surgical-dermatology/procedures/total-nail-avulsion.html | 361 | N | Y | 3 | Y | FAIL | SHORT_CONTENT; DUPLICATE_CONCLUSIONS(4)
surgical-dermatology/procedures/tumescent-anesthesia.html | 349 | N | Y | 2 | Y | FAIL | SHORT_CONTENT; DUPLICATE_CONCLUSIONS(4)
surgical-dermatology/procedures/wart-removal-freezing-burning-and-laser-options.html | 845 | Y | Y | 0 | N | PASS | GENERIC_RISK_FACTORS(13)
surgical-dermatology/procedures/wart-surgery-topical-failure.html | 304 | Y | Y | 2 | Y | FAIL | SHORT_CONTENT; DUPLICATE_CONCLUSIONS(4)
surgical-dermatology/pre-post-op/activity-restrictions-after-dermatologic-surgery.html | 879 | Y | Y | 0 | N | PASS | GENERIC_RISK_FACTORS(13)
surgical-dermatology/pre-post-op/allergic-reactions-to-sutures-and-dressings.html | 896 | Y | Y | 0 | N | PASS | GENERIC_RISK_FACTORS(13)
surgical-dermatology/pre-post-op/anesthesia-options-dermatologic-surgery-local-nerve-blocks.html | 428 | N | Y | 2 | Y | FAIL | SHORT_CONTENT; DUPLICATE_CONCLUSIONS(4)
surgical-dermatology/pre-post-op/dehiscence-when-surgical-wounds-open.html | 818 | Y | Y | 0 | N | PASS | GENERIC_RISK_FACTORS(13)
surgical-dermatology/pre-post-op/diet-nutrition-wound-healing-protein-vitamins.html | 414 | Y | Y | 1 | Y | FAIL | SHORT_CONTENT; DUPLICATE_CONCLUSIONS(4)
surgical-dermatology/pre-post-op/hematoma-after-skin-surgery-causes-treatment.html | 383 | N | Y | 0 | Y | FAIL | SHORT_CONTENT; DUPLICATE_CONCLUSIONS(4)
surgical-dermatology/pre-post-op/hematoma-after-skin-surgery-management-guide.html | 871 | Y | Y | 0 | N | PASS | GENERIC_RISK_FACTORS(13)
surgical-dermatology/pre-post-op/index.html | 873 | N | Y | 0 | N | PASS | OK
surgical-dermatology/pre-post-op/infection-prevention-after-skin-surgery-antibiotic-guidelines.html | 410 | N | Y | 0 | Y | FAIL | SHORT_CONTENT; DUPLICATE_CONCLUSIONS(4)
surgical-dermatology/pre-post-op/managing-surgical-scars-silicone-pressure-therapy-steroid-injections.html | 330 | N | Y | 1 | Y | FAIL | SHORT_CONTENT; DUPLICATE_CONCLUSIONS(4)
surgical-dermatology/pre-post-op/medications-stop-before-skin-surgery-blood-thinners-supplements.html | 396 | N | Y | 1 | Y | FAIL | SHORT_CONTENT; DUPLICATE_CONCLUSIONS(4)
surgical-dermatology/pre-post-op/medications-to-stop-before-skin-surgery.html | 896 | Y | Y | 0 | N | PASS | GENERIC_RISK_FACTORS(13)
surgical-dermatology/pre-post-op/moist-wound-healing-why-its-better-than-dry.html | 853 | Y | Y | 0 | N | PASS | GENERIC_RISK_FACTORS(13)
surgical-dermatology/pre-post-op/nerve-damage-after-skin-surgery-prevention-recovery.html | 384 | N | Y | 0 | Y | FAIL | SHORT_CONTENT; DUPLICATE_CONCLUSIONS(4)
surgical-dermatology/pre-post-op/nutrition-for-wound-healing-key-vitamins-and-minerals.html | 866 | Y | Y | 0 | N | PASS | GENERIC_RISK_FACTORS(13)
surgical-dermatology/pre-post-op/phases-of-wound-healing-what-to-expect.html | 873 | Y | Y | 0 | N | PASS | GENERIC_RISK_FACTORS(13)
surgical-dermatology/pre-post-op/post-surgical-wound-care-day-by-day-instructions.html | 850 | Y | Y | 0 | N | PASS | GENERIC_RISK_FACTORS(13)
surgical-dermatology/pre-post-op/pre-op-nutrition-eating-for-better-healing.html | 841 | Y | Y | 0 | N | PASS | GENERIC_RISK_FACTORS(13)
surgical-dermatology/pre-post-op/pre-surgical-skin-assessment-what-your-dermatologist-checks.html | 849 | Y | Y | 0 | N | PASS | GENERIC_RISK_FACTORS(13)
surgical-dermatology/pre-post-op/preparing-dermatologic-surgery-pre-operative-guide.html | 393 | Y | Y | 2 | Y | FAIL | SHORT_CONTENT; DUPLICATE_CONCLUSIONS(4)
surgical-dermatology/pre-post-op/preparing-your-skin-for-laser-treatment.html | 901 | Y | Y | 0 | N | PASS | GENERIC_RISK_FACTORS(13)
surgical-dermatology/pre-post-op/showering-after-skin-surgery-when-its-safe.html | 873 | Y | Y | 0 | N | PASS | GENERIC_RISK_FACTORS(13)
surgical-dermatology/pre-post-op/silicone-gel-sheets-for-scar-prevention.html | 896 | Y | Y | 0 | N | PASS | GENERIC_RISK_FACTORS(13)
surgical-dermatology/pre-post-op/steri-strip-care-when-and-how-to-remove.html | 836 | Y | Y | 0 | N | PASS | GENERIC_RISK_FACTORS(13)
surgical-dermatology/pre-post-op/sun-protection-after-dermatologic-surgery-scar-management.html | 437 | N | Y | 4 | Y | FAIL | SHORT_CONTENT; DUPLICATE_CONCLUSIONS(4)
surgical-dermatology/pre-post-op/surgical-site-infection-prevention-and-early-signs.html | 852 | Y | Y | 0 | N | PASS | GENERIC_RISK_FACTORS(13)
surgical-dermatology/pre-post-op/surgical-site-infection-signs-recognition-treatment.html | 398 | N | Y | 5 | Y | FAIL | SHORT_CONTENT; DUPLICATE_CONCLUSIONS(4); HEAVY_TEMPLATE_USE(5)
surgical-dermatology/pre-post-op/surgical-wound-care-instructions-dressing-changes.html | 328 | N | Y | 1 | Y | FAIL | SHORT_CONTENT; DUPLICATE_CONCLUSIONS(4)
surgical-dermatology/pre-post-op/suture-types-removal-timeline-absorbable-non-absorbable.html | 340 | N | Y | 5 | Y | FAIL | SHORT_CONTENT; DUPLICATE_CONCLUSIONS(4); HEAVY_TEMPLATE_USE(5)
surgical-dermatology/pre-post-op/when-call-surgeon-after-skin-surgery-red-flags.html | 442 | N | Y | 2 | Y | FAIL | SHORT_CONTENT; DUPLICATE_CONCLUSIONS(4)
surgical-dermatology/pre-post-op/wound-dehiscence-after-surgery-causes-management.html | 347 | N | Y | 2 | Y | FAIL | SHORT_CONTENT; DUPLICATE_CONCLUSIONS(4)
surgical-dermatology/pre-post-op/wound-healing-stages-inflammation-remodeling.html | 341 | N | Y | 3 | Y | FAIL | SHORT_CONTENT; DUPLICATE_CONCLUSIONS(4)

========================================================================================================================================================================================================
SUMMARY STATISTICS
========================================================================================================================================================================================================
Total articles: 351
PASS: 193 (55.0%)
FAIL: 158 (45.0%)

Common Issues:
  Generic openings: 0 articles
  Duplicate conclusions: 158 articles
  No specific medical data: 148 articles
