filename,category,word_count,has_specific_data,has_unique_content,template_phrases_count,duplicate_conclusions,grade,notes
baby-botox-subtle-anti-aging-micro-dosing.html,cosmetic-dermatology/injectables,830,Y,N,0,N,FAIL,Generic/non-unique content
bellafill-permanent-filler.html,cosmetic-dermatology/injectables,311,Y,N,5,Y,FAIL,Generic/non-unique content; Too many template phrases (5); Multiple conclusion headings
biofilm-formation-after-fillers-delayed-reactions.html,cosmetic-dermatology/injectables,863,Y,N,0,N,FAIL,Generic/non-unique content
botox-bunny-lines.html,cosmetic-dermatology/injectables,305,Y,N,2,Y,FAIL,Generic/non-unique content; Multiple conclusion headings
botox-crow-feet.html,cosmetic-dermatology/injectables,327,Y,N,4,Y,FAIL,Generic/non-unique content; Too many template phrases (4); Multiple conclusion headings
botox-for-forehead-lines-what-to-expect.html,cosmetic-dermatology/injectables,872,Y,N,0,N,FAIL,Generic/non-unique content
botox-for-masseter-reduction-jawline-slimming.html,cosmetic-dermatology/injectables,863,Y,N,0,N,FAIL,Generic/non-unique content
botox-forehead-lines.html,cosmetic-dermatology/injectables,312,Y,N,3,Y,FAIL,Generic/non-unique content; Too many template phrases (3); Multiple conclusion headings
botox-frown-lines.html,cosmetic-dermatology/injectables,296,Y,N,1,Y,FAIL,Too short (< 300 words)
botox-hyperhidrosis.html,cosmetic-dermatology/injectables,311,Y,N,1,Y,FAIL,Generic/non-unique content; Multiple conclusion headings
botox-lip-flip.html,cosmetic-dermatology/injectables,301,Y,N,5,Y,FAIL,Generic/non-unique content; Too many template phrases (5); Multiple conclusion headings
botox-masseter-jawline.html,cosmetic-dermatology/injectables,296,Y,N,2,Y,FAIL,Too short (< 300 words)
botox-overview.html,cosmetic-dermatology/injectables,327,Y,N,4,Y,FAIL,Generic/non-unique content; Too many template phrases (4); Multiple conclusion headings
botox-side-effects-understanding-risks-and-complications.html,cosmetic-dermatology/injectables,851,Y,N,0,N,FAIL,Generic/non-unique content
botox-vs-fillers.html,cosmetic-dermatology/injectables,365,Y,N,3,Y,FAIL,Generic/non-unique content; Too many template phrases (3); Multiple conclusion headings
cheek-enhancement-fillers.html,cosmetic-dermatology/injectables,355,Y,N,6,Y,FAIL,Generic/non-unique content; Too many template phrases (6); Multiple conclusion headings
cheek-fillers-volume-restoration-and-contouring.html,cosmetic-dermatology/injectables,834,Y,N,0,N,FAIL,Generic/non-unique content
chin-augmentation-with-fillers-non-surgical-approach.html,cosmetic-dermatology/injectables,866,Y,N,0,N,FAIL,Generic/non-unique content
choosing-a-qualified-injector-red-flags-to-watch-for.html,cosmetic-dermatology/injectables,866,Y,N,0,N,FAIL,Generic/non-unique content
choosing-qualified-injector.html,cosmetic-dermatology/injectables,467,Y,N,4,Y,FAIL,Generic/non-unique content; Too many template phrases (4); Multiple conclusion headings
daxxify-the-long-lasting-neurotoxin.html,cosmetic-dermatology/injectables,821,Y,N,0,N,FAIL,Generic/non-unique content
dermal-fillers-overview.html,cosmetic-dermatology/injectables,314,Y,N,3,Y,FAIL,Generic/non-unique content; Too many template phrases (3); Multiple conclusion headings
dissolving-lip-fillers-hyaluronidase-treatment.html,cosmetic-dermatology/injectables,849,Y,N,0,N,FAIL,Generic/non-unique content
dysport-vs-botox-comparing-neurotoxins.html,cosmetic-dermatology/injectables,846,Y,N,0,N,FAIL,Generic/non-unique content
dysport-vs-botox.html,cosmetic-dermatology/injectables,359,Y,N,5,Y,FAIL,Generic/non-unique content; Too many template phrases (5); Multiple conclusion headings
ellanse-pcl-based-collagen-stimulator.html,cosmetic-dermatology/injectables,821,Y,N,0,N,FAIL,Generic/non-unique content
filler-dissolving-hyaluronidase.html,cosmetic-dermatology/injectables,393,Y,N,4,Y,FAIL,Generic/non-unique content; Too many template phrases (4); Multiple conclusion headings
filler-nodules-prevention-and-treatment-options.html,cosmetic-dermatology/injectables,831,Y,N,0,N,FAIL,Generic/non-unique content
hand-rejuvenation-fillers-for-aging-hands.html,cosmetic-dermatology/injectables,840,Y,N,0,N,FAIL,Generic/non-unique content
hand-rejuvenation-fillers.html,cosmetic-dermatology/injectables,378,Y,N,3,Y,FAIL,Generic/non-unique content; Too many template phrases (3); Multiple conclusion headings
hyaluronic-acid-fillers.html,cosmetic-dermatology/injectables,341,Y,N,6,Y,FAIL,Generic/non-unique content; Too many template phrases (6); Multiple conclusion headings
hyperdilute-radiesse-skin-tightening-technique.html,cosmetic-dermatology/injectables,833,Y,N,0,N,FAIL,Generic/non-unique content
index.html,cosmetic-dermatology/injectables,1553,Y,N,0,N,FAIL,Generic/non-unique content
injectable-combination-therapy-botox-plus-fillers.html,cosmetic-dermatology/injectables,850,Y,N,0,N,FAIL,Generic/non-unique content
jawline-contouring-fillers.html,cosmetic-dermatology/injectables,353,Y,N,3,Y,FAIL,Generic/non-unique content; Too many template phrases (3); Multiple conclusion headings
jawline-fillers-defining-and-sculpting.html,cosmetic-dermatology/injectables,838,Y,N,0,N,FAIL,Generic/non-unique content
jeuveau-overview.html,cosmetic-dermatology/injectables,291,Y,N,2,Y,FAIL,Too short (< 300 words)
juvederm-product-line-complete-filler-guide.html,cosmetic-dermatology/injectables,850,Y,N,0,N,FAIL,Generic/non-unique content
lip-augmentation-fillers.html,cosmetic-dermatology/injectables,360,Y,N,5,Y,FAIL,Generic/non-unique content; Too many template phrases (5); Multiple conclusion headings
lip-filler-migration-prevention-and-management.html,cosmetic-dermatology/injectables,847,Y,N,0,N,FAIL,Generic/non-unique content
lip-fillers-natural-enhancement-techniques.html,cosmetic-dermatology/injectables,838,Y,N,0,N,FAIL,Generic/non-unique content
lip-flip-botox-for-upper-lip-enhancement.html,cosmetic-dermatology/injectables,832,Y,N,0,N,FAIL,Generic/non-unique content
liquid-rhinoplasty.html,cosmetic-dermatology/injectables,335,Y,N,6,Y,FAIL,Generic/non-unique content; Too many template phrases (6); Multiple conclusion headings
marionette-line-fillers.html,cosmetic-dermatology/injectables,335,Y,N,3,Y,FAIL,Generic/non-unique content; Too many template phrases (3); Multiple conclusion headings
mesotherapy.html,cosmetic-dermatology/injectables,322,Y,Y,2,Y,FAIL,Multiple conclusion headings
nasolabial-fold-fillers-smile-line-treatment.html,cosmetic-dermatology/injectables,855,Y,N,0,N,FAIL,Generic/non-unique content
nasolabial-fold-fillers.html,cosmetic-dermatology/injectables,333,Y,N,3,Y,FAIL,Generic/non-unique content; Too many template phrases (3); Multiple conclusion headings
non-surgical-nose-job-rhinoplasty-with-fillers.html,cosmetic-dermatology/injectables,855,Y,N,0,N,FAIL,Generic/non-unique content
plla-threads-vs-filler-comparing-collagen-stimulation.html,cosmetic-dermatology/injectables,867,Y,N,0,N,FAIL,Generic/non-unique content
post-injectable-care-maximizing-your-results.html,cosmetic-dermatology/injectables,838,Y,N,0,N,FAIL,Generic/non-unique content
prp-prfinjections.html,cosmetic-dermatology/injectables,369,Y,N,3,Y,FAIL,Generic/non-unique content; Too many template phrases (3); Multiple conclusion headings
radiesse-caha.html,cosmetic-dermatology/injectables,315,Y,N,5,Y,FAIL,Generic/non-unique content; Too many template phrases (5); Multiple conclusion headings
radiesse-calcium-hydroxylapatite-filler-and-biostimulator.html,cosmetic-dermatology/injectables,818,Y,N,0,N,FAIL,Generic/non-unique content
restylane-family-hyaluronic-acid-filler-options.html,cosmetic-dermatology/injectables,831,Y,N,0,N,FAIL,Generic/non-unique content
russian-lip-technique-structured-lip-augmentation.html,cosmetic-dermatology/injectables,847,Y,N,0,N,FAIL,Generic/non-unique content
sculptra-plla.html,cosmetic-dermatology/injectables,302,Y,N,3,Y,FAIL,Generic/non-unique content; Too many template phrases (3); Multiple conclusion headings
sculptra-poly-l-lactic-acid-biostimulator.html,cosmetic-dermatology/injectables,821,Y,N,0,N,FAIL,Generic/non-unique content
temple-fillers-restoring-facial-volume.html,cosmetic-dermatology/injectables,830,Y,N,0,N,FAIL,Generic/non-unique content
under-eye-filler.html,cosmetic-dermatology/injectables,299,Y,N,3,Y,FAIL,Too short (< 300 words)
under-eye-fillers-treating-tear-trough-hollows.html,cosmetic-dermatology/injectables,840,Y,N,0,N,FAIL,Generic/non-unique content
vascular-compromise-from-fillers-recognizing-emergency-signs.html,cosmetic-dermatology/injectables,864,Y,N,0,N,FAIL,Generic/non-unique content
vascular-occlusion-fillers.html,cosmetic-dermatology/injectables,371,Y,N,2,Y,FAIL,Generic/non-unique content; Multiple conclusion headings
xeomin-overview.html,cosmetic-dermatology/injectables,303,Y,N,1,Y,FAIL,Generic/non-unique content; Multiple conclusion headings
xeomin-the-naked-neurotoxin.html,cosmetic-dermatology/injectables,813,Y,N,0,N,FAIL,Generic/non-unique content
1540nm-fractional-non-ablative-collagen-remodeling.html,cosmetic-dermatology/lasers,854,Y,N,0,N,FAIL,Generic/non-unique content
ablative-laser-recovery-week-by-week-timeline.html,cosmetic-dermatology/lasers,847,Y,N,0,N,FAIL,Generic/non-unique content
alexandrite-laser.html,cosmetic-dermatology/lasers,325,Y,N,1,Y,FAIL,Generic/non-unique content; Multiple conclusion headings
at-home-laser-hair-removal-devices-vs-professional-treatment.html,cosmetic-dermatology/lasers,866,Y,N,0,N,FAIL,Generic/non-unique content
bbl-broadband-light.html,cosmetic-dermatology/lasers,311,Y,N,3,Y,FAIL,Generic/non-unique content; Too many template phrases (3); Multiple conclusion headings
bbl-hero-broadband-light-skin-rejuvenation.html,cosmetic-dermatology/lasers,835,Y,N,0,N,FAIL,Generic/non-unique content
brazilian-laser-hair-removal-what-to-know.html,cosmetic-dermatology/lasers,873,Y,N,0,N,FAIL,Generic/non-unique content
clear-and-brilliant-entry-level-fractional-laser.html,cosmetic-dermatology/lasers,856,Y,N,0,N,FAIL,Generic/non-unique content
clear-brilliant-laser.html,cosmetic-dermatology/lasers,305,Y,N,2,Y,FAIL,Generic/non-unique content; Multiple conclusion headings
co2-laser-resurfacing-ablative.html,cosmetic-dermatology/lasers,316,Y,N,1,Y,FAIL,Generic/non-unique content; Multiple conclusion headings
co2-laser-resurfacing-deep-wrinkle-and-scar-treatment.html,cosmetic-dermatology/lasers,850,Y,N,0,N,FAIL,Generic/non-unique content
colored-tattoo-removal-challenging-ink-colors.html,cosmetic-dermatology/lasers,851,Y,N,0,N,FAIL,Generic/non-unique content
comparing-laser-treatments.html,cosmetic-dermatology/lasers,492,Y,N,2,Y,FAIL,Generic/non-unique content; Multiple conclusion headings
coolsculpting-cryolipolysis.html,cosmetic-dermatology/lasers,420,Y,N,3,Y,FAIL,Generic/non-unique content; Too many template phrases (3); Multiple conclusion headings
erbium-laser-ablative.html,cosmetic-dermatology/lasers,306,Y,N,1,Y,FAIL,Generic/non-unique content; Multiple conclusion headings
erbium-yag-laser-precision-skin-resurfacing.html,cosmetic-dermatology/lasers,856,Y,N,0,N,FAIL,Generic/non-unique content
forma-rf-treatment.html,cosmetic-dermatology/lasers,353,Y,N,3,Y,FAIL,Generic/non-unique content; Too many template phrases (3); Multiple conclusion headings
fractional-co2-combining-results-with-faster-recovery.html,cosmetic-dermatology/lasers,843,Y,N,0,N,FAIL,Generic/non-unique content
fraxel-laser-non-ablative-resurfacing-explained.html,cosmetic-dermatology/lasers,834,Y,N,0,N,FAIL,Generic/non-unique content
fraxel-laser-non-ablative.html,cosmetic-dermatology/lasers,331,Y,N,3,Y,FAIL,Generic/non-unique content; Too many template phrases (3); Multiple conclusion headings
genius-rf-microneedling-intelligent-skin-remodeling.html,cosmetic-dermatology/lasers,856,Y,N,0,N,FAIL,Generic/non-unique content
index.html,cosmetic-dermatology/lasers,1649,Y,N,0,N,FAIL,Generic/non-unique content
ipl-for-rosacea-reducing-facial-redness.html,cosmetic-dermatology/lasers,851,Y,N,0,N,FAIL,Generic/non-unique content
ipl-hair-removal-vs-laser-which-is-more-effective.html,cosmetic-dermatology/lasers,886,Y,N,0,N,FAIL,Generic/non-unique content
ipl-photofacial-brown-spots-and-sun-damage-treatment.html,cosmetic-dermatology/lasers,834,Y,N,0,N,FAIL,Generic/non-unique content
ipl-photofacial-treatment.html,cosmetic-dermatology/lasers,284,Y,N,2,Y,FAIL,Too short (< 300 words)
ipl-vs-laser-understanding-the-key-differences.html,cosmetic-dermatology/lasers,849,Y,N,0,N,FAIL,Generic/non-unique content
kybella-deoxycholic-acid.html,cosmetic-dermatology/lasers,388,Y,N,2,Y,FAIL,Generic/non-unique content; Multiple conclusion headings
laser-acne-scars-treatment.html,cosmetic-dermatology/lasers,428,Y,N,0,Y,FAIL,Generic/non-unique content; Multiple conclusion headings
laser-hair-removal-all-skin-types.html,cosmetic-dermatology/lasers,423,Y,N,3,Y,FAIL,Generic/non-unique content; Too many template phrases (3); Multiple conclusion headings
laser-hair-removal-complete-patient-guide.html,cosmetic-dermatology/lasers,856,Y,N,0,N,FAIL,Generic/non-unique content
laser-hair-removal-dark-skin.html,cosmetic-dermatology/lasers,520,Y,N,2,Y,FAIL,Generic/non-unique content; Multiple conclusion headings
laser-hair-removal-for-dark-skin-safe-treatment-options.html,cosmetic-dermatology/lasers,899,Y,N,0,N,FAIL,Generic/non-unique content
laser-hair-removal-side-effects-and-aftercare.html,cosmetic-dermatology/lasers,918,Y,N,0,N,FAIL,Generic/non-unique content
laser-safety-in-dermatology-what-patients-should-know.html,cosmetic-dermatology/lasers,866,Y,N,0,N,FAIL,Generic/non-unique content
laser-safety-side-effects.html,cosmetic-dermatology/lasers,533,Y,N,4,Y,FAIL,Generic/non-unique content; Too many template phrases (4); Multiple conclusion headings
laser-skin-resurfacing-cost-guide-what-to-budget.html,cosmetic-dermatology/lasers,882,Y,N,0,N,FAIL,Generic/non-unique content
laser-stretch-marks-treatment.html,cosmetic-dermatology/lasers,456,Y,N,3,Y,FAIL,Generic/non-unique content; Too many template phrases (3); Multiple conclusion headings
laser-tattoo-removal-guide.html,cosmetic-dermatology/lasers,487,Y,N,3,Y,FAIL,Generic/non-unique content; Too many template phrases (3); Multiple conclusion headings
led-light-therapy-skin.html,cosmetic-dermatology/lasers,416,Y,N,1,Y,FAIL,Generic/non-unique content; Multiple conclusion headings
morpheus8-rf-microneedling-for-skin-tightening.html,cosmetic-dermatology/lasers,826,Y,N,0,N,FAIL,Generic/non-unique content
morpheus8-rf-microneedling.html,cosmetic-dermatology/lasers,337,Y,N,0,Y,FAIL,Generic/non-unique content; Multiple conclusion headings
nd-yag-laser-dermatology.html,cosmetic-dermatology/lasers,331,Y,N,1,Y,FAIL,Generic/non-unique content; Multiple conclusion headings
ndyag-laser-deep-skin-treatment-applications.html,cosmetic-dermatology/lasers,819,Y,N,0,N,FAIL,Generic/non-unique content
pico-laser-picosecond-technology-for-skin.html,cosmetic-dermatology/lasers,835,Y,N,0,N,FAIL,Generic/non-unique content
picosure-picosecond-laser.html,cosmetic-dermatology/lasers,360,Y,N,1,Y,FAIL,Generic/non-unique content; Multiple conclusion headings
picosure-tattoo-removal-fast-ink-clearance-technology.html,cosmetic-dermatology/lasers,849,Y,N,0,N,FAIL,Generic/non-unique content
picoway-laser.html,cosmetic-dermatology/lasers,359,Y,N,3,Y,FAIL,Generic/non-unique content; Too many template phrases (3); Multiple conclusion headings
q-switched-laser-tattoo-removal-how-it-works.html,cosmetic-dermatology/lasers,873,Y,N,0,N,FAIL,Generic/non-unique content
q-switched-lasers-pigment-removal.html,cosmetic-dermatology/lasers,310,Y,N,2,Y,FAIL,Generic/non-unique content; Multiple conclusion headings
r20-method-multiple-passes-for-faster-tattoo-removal.html,cosmetic-dermatology/lasers,837,Y,N,0,N,FAIL,Generic/non-unique content
radiofrequency-microneedling-overview.html,cosmetic-dermatology/lasers,362,Y,N,1,Y,FAIL,Generic/non-unique content; Multiple conclusion headings
secret-rf-microneedling.html,cosmetic-dermatology/lasers,351,Y,N,1,Y,FAIL,Generic/non-unique content; Multiple conclusion headings
sofwave-ultrasound-technology-for-wrinkle-reduction.html,cosmetic-dermatology/lasers,826,Y,N,0,N,FAIL,Generic/non-unique content
tattoo-removal-session-by-session-expectations.html,cosmetic-dermatology/lasers,833,Y,N,0,N,FAIL,Generic/non-unique content
thermage-flx-radiofrequency-skin-tightening.html,cosmetic-dermatology/lasers,834,Y,N,0,N,FAIL,Generic/non-unique content
thermage-rf-skin-tightening.html,cosmetic-dermatology/lasers,354,Y,N,3,Y,FAIL,Generic/non-unique content; Too many template phrases (3); Multiple conclusion headings
ultherapy-focused-ultrasound-skin-lifting.html,cosmetic-dermatology/lasers,824,Y,N,0,N,FAIL,Generic/non-unique content
ultherapy-focused-ultrasound.html,cosmetic-dermatology/lasers,315,Y,N,2,Y,FAIL,Generic/non-unique content; Multiple conclusion headings
vbeam-pulsed-dye-laser-redness-and-rosacea-treatment.html,cosmetic-dermatology/lasers,875,Y,N,0,N,FAIL,Generic/non-unique content
vbeam-pulsed-dye-laser.html,cosmetic-dermatology/lasers,310,Y,N,2,Y,FAIL,Generic/non-unique content; Multiple conclusion headings
vivace-rf-microneedling-combined-treatment-approach.html,cosmetic-dermatology/lasers,856,Y,N,0,N,FAIL,Generic/non-unique content
vivace-rf-microneedling.html,cosmetic-dermatology/lasers,363,Y,N,2,Y,FAIL,Generic/non-unique content; Multiple conclusion headings
what-to-expect-laser-treatment.html,cosmetic-dermatology/lasers,725,Y,N,1,Y,FAIL,Generic/non-unique content; Multiple conclusion headings
anti-aging-20s.html,cosmetic-dermatology/rejuvenation,209,Y,N,1,Y,FAIL,Too short (< 300 words)
anti-aging-30s.html,cosmetic-dermatology/rejuvenation,206,Y,N,1,Y,FAIL,Too short (< 300 words)
anti-aging-40s.html,cosmetic-dermatology/rejuvenation,207,Y,N,2,Y,FAIL,Too short (< 300 words)
anti-aging-50s-beyond.html,cosmetic-dermatology/rejuvenation,222,Y,N,0,Y,FAIL,Too short (< 300 words)
anti-aging-in-your-20s-prevention-strategies.html,cosmetic-dermatology/rejuvenation,866,Y,N,0,N,FAIL,Generic/non-unique content
anti-aging-in-your-40s-treatment-intensification.html,cosmetic-dermatology/rejuvenation,873,Y,N,0,N,FAIL,Generic/non-unique content
anti-aging-in-your-50s-menopause-and-skin-changes.html,cosmetic-dermatology/rejuvenation,868,Y,N,0,N,FAIL,Generic/non-unique content
anti-aging-in-your-60s-plus-mature-skin-care.html,cosmetic-dermatology/rejuvenation,887,Y,N,0,N,FAIL,Generic/non-unique content
at-home-microneedling-safety-and-effectiveness.html,cosmetic-dermatology/rejuvenation,833,Y,N,0,N,FAIL,Generic/non-unique content
bha-peel-salicylic-acid-for-oily-acne-prone-skin.html,cosmetic-dermatology/rejuvenation,836,Y,N,0,N,FAIL,Generic/non-unique content
chemical-peels-overview.html,cosmetic-dermatology/rejuvenation,261,Y,N,1,Y,FAIL,Too short (< 300 words)
collagen-stimulation-therapies.html,cosmetic-dermatology/rejuvenation,201,Y,N,0,Y,FAIL,Too short (< 300 words)
combination-anti-aging-treatments.html,cosmetic-dermatology/rejuvenation,190,Y,N,0,Y,FAIL,Too short (< 300 words)
decolletage-rejuvenation-chest-area-treatment.html,cosmetic-dermatology/rejuvenation,841,Y,N,0,N,FAIL,Generic/non-unique content
dermapen-microneedling.html,cosmetic-dermatology/rejuvenation,193,Y,N,0,Y,FAIL,Too short (< 300 words)
diamondglow-dermal-infusion-facial.html,cosmetic-dermatology/rejuvenation,824,Y,N,0,N,FAIL,Generic/non-unique content
earlobe-rejuvenation-restoring-volume-and-shape.html,cosmetic-dermatology/rejuvenation,834,Y,N,0,N,FAIL,Generic/non-unique content
eye-area-rejuvenation-non-surgical-options.html,cosmetic-dermatology/rejuvenation,852,Y,N,0,N,FAIL,Generic/non-unique content
glycolic-acid-peels-superficial-skin-rejuvenation.html,cosmetic-dermatology/rejuvenation,853,Y,N,0,N,FAIL,Generic/non-unique content
glycolic-acid-peels.html,cosmetic-dermatology/rejuvenation,195,Y,N,0,Y,FAIL,Too short (< 300 words)
hand-rejuvenation.html,cosmetic-dermatology/rejuvenation,202,Y,N,0,Y,FAIL,Too short (< 300 words)
hydrafacial-medical-grade-facial-treatment.html,cosmetic-dermatology/rejuvenation,816,Y,N,0,N,FAIL,Generic/non-unique content
hydrafacial.html,cosmetic-dermatology/rejuvenation,188,Y,Y,0,Y,FAIL,Too short (< 300 words)
index.html,cosmetic-dermatology/rejuvenation,1591,Y,N,0,N,FAIL,Generic/non-unique content
jessners-peel-combination-acid-approach.html,cosmetic-dermatology/rejuvenation,833,Y,N,0,N,FAIL,Generic/non-unique content
lactic-acid-peel-gentle-exfoliation-for-sensitive-skin.html,cosmetic-dermatology/rejuvenation,862,Y,N,0,N,FAIL,Generic/non-unique content
lactic-acid-peels.html,cosmetic-dermatology/rejuvenation,201,Y,N,1,Y,FAIL,Too short (< 300 words)
laser-plus-filler-synergistic-treatment-approach.html,cosmetic-dermatology/rejuvenation,858,Y,N,0,N,FAIL,Generic/non-unique content
led-light-therapy-red-blue-and-near-infrared.html,cosmetic-dermatology/rejuvenation,860,Y,N,0,N,FAIL,Generic/non-unique content
liquid-facelift-combining-injectables-for-full-rejuvenation.html,cosmetic-dermatology/rejuvenation,845,Y,N,0,N,FAIL,Generic/non-unique content
microdermabrasion.html,cosmetic-dermatology/rejuvenation,191,Y,Y,0,Y,FAIL,Too short (< 300 words)
microneedling-collagen-induction-therapy-explained.html,cosmetic-dermatology/rejuvenation,820,Y,N,0,N,FAIL,Generic/non-unique content
microneedling-for-acne-scars-scar-revision-results.html,cosmetic-dermatology/rejuvenation,867,Y,N,0,N,FAIL,Generic/non-unique content
microneedling-for-stretch-marks-body-treatment-guide.html,cosmetic-dermatology/rejuvenation,870,Y,N,0,N,FAIL,Generic/non-unique content
microneedling-overview.html,cosmetic-dermatology/rejuvenation,189,Y,N,1,Y,FAIL,Too short (< 300 words)
microneedling-prp-vampire-facial.html,cosmetic-dermatology/rejuvenation,201,Y,N,2,Y,FAIL,Too short (< 300 words)
microneedling-with-prp-the-vampire-facial.html,cosmetic-dermatology/rejuvenation,850,Y,N,0,N,FAIL,Generic/non-unique content
mint-thread-lift-molded-interlocking-threads.html,cosmetic-dermatology/rejuvenation,850,Y,N,0,N,FAIL,Generic/non-unique content
neck-rejuvenation-treating-the-forgotten-area.html,cosmetic-dermatology/rejuvenation,837,Y,N,0,N,FAIL,Generic/non-unique content
neck-rejuvenation-treatments.html,cosmetic-dermatology/rejuvenation,198,Y,N,1,Y,FAIL,Too short (< 300 words)
non-surgical-facelift-options.html,cosmetic-dermatology/rejuvenation,194,Y,N,0,Y,FAIL,Too short (< 300 words)
oxygen-facial-celebrity-favorite-skin-treatment.html,cosmetic-dermatology/rejuvenation,833,Y,N,0,N,FAIL,Generic/non-unique content
oxygen-facials.html,cosmetic-dermatology/rejuvenation,201,Y,N,0,Y,FAIL,Too short (< 300 words)
oxygeneo-facial-three-in-one-skin-treatment.html,cosmetic-dermatology/rejuvenation,833,Y,N,0,N,FAIL,Generic/non-unique content
pdo-thread-lift-non-surgical-facelift-alternative.html,cosmetic-dermatology/rejuvenation,858,Y,N,0,N,FAIL,Generic/non-unique content
pdo-thread-lifts.html,cosmetic-dermatology/rejuvenation,199,Y,N,1,Y,FAIL,Too short (< 300 words)
phenol-peel-deep-chemical-resurfacing.html,cosmetic-dermatology/rejuvenation,833,Y,N,0,N,FAIL,Generic/non-unique content
phenol-peel-deep.html,cosmetic-dermatology/rejuvenation,205,Y,N,2,Y,FAIL,Too short (< 300 words)
plla-thread-lifts.html,cosmetic-dermatology/rejuvenation,206,Y,N,1,Y,FAIL,Too short (< 300 words)
prejuvenation-starting-anti-aging-early.html,cosmetic-dermatology/rejuvenation,816,Y,N,0,N,FAIL,Generic/non-unique content
prp-skin-rejuvenation.html,cosmetic-dermatology/rejuvenation,205,Y,N,0,Y,FAIL,Too short (< 300 words)
salicylic-acid-peels.html,cosmetic-dermatology/rejuvenation,203,Y,N,1,Y,FAIL,Too short (< 300 words)
silhouette-instalift-dissolvable-suture-face-lift.html,cosmetic-dermatology/rejuvenation,837,Y,N,0,N,FAIL,Generic/non-unique content
skin-tightening-comparison.html,cosmetic-dermatology/rejuvenation,214,Y,N,1,Y,FAIL,Too short (< 300 words)
skin-tightening-options-comparing-all-technologies.html,cosmetic-dermatology/rejuvenation,853,Y,N,0,N,FAIL,Generic/non-unique content
skinpen-microneedling.html,cosmetic-dermatology/rejuvenation,190,Y,N,0,Y,FAIL,Too short (< 300 words)
tca-peel-medium-depth-chemical-treatment.html,cosmetic-dermatology/rejuvenation,841,Y,N,0,N,FAIL,Generic/non-unique content
tca-peel-medium-depth.html,cosmetic-dermatology/rejuvenation,194,Y,N,1,Y,FAIL,Too short (< 300 words)
the-zoom-boom-video-call-inspired-facial-treatments.html,cosmetic-dermatology/rejuvenation,854,Y,N,0,N,FAIL,Generic/non-unique content
thread-lift-recovery-what-to-expect-after-treatment.html,cosmetic-dermatology/rejuvenation,862,Y,N,0,N,FAIL,Generic/non-unique content
thread-lift-vs-fillers-which-is-right-for-you.html,cosmetic-dermatology/rejuvenation,872,Y,N,0,N,FAIL,Generic/non-unique content
thread-lifts-overview.html,cosmetic-dermatology/rejuvenation,204,Y,N,1,Y,FAIL,Too short (< 300 words)
acoustic-wave-therapy-for-cellulite.html,cosmetic-dermatology/body-contouring,882,Y,N,0,N,FAIL,Generic/non-unique content
aveli-cellulite-treatment.html,cosmetic-dermatology/body-contouring,449,Y,N,2,Y,FAIL,Generic/non-unique content; Multiple conclusion headings
body-acne-back-chest-and-shoulder-breakouts.html,cosmetic-dermatology/body-contouring,846,Y,N,0,N,FAIL,Generic/non-unique content
body-skin-tightening-options.html,cosmetic-dermatology/body-contouring,310,Y,N,1,Y,FAIL,Generic/non-unique content; Multiple conclusion headings
botox-for-hyperhidrosis-excessive-sweating-treatment.html,cosmetic-dermatology/body-contouring,851,Y,N,0,N,FAIL,Generic/non-unique content
botox-hyperhidrosis-detailed.html,cosmetic-dermatology/body-contouring,534,Y,N,4,Y,FAIL,Generic/non-unique content; Too many template phrases (4); Multiple conclusion headings
cellfina-long-lasting-cellulite-treatment.html,cosmetic-dermatology/body-contouring,820,Y,N,0,N,FAIL,Generic/non-unique content
cellfina-subcision-cellulite.html,cosmetic-dermatology/body-contouring,429,Y,N,3,Y,FAIL,Generic/non-unique content; Too many template phrases (3); Multiple conclusion headings
cellulite-treatments-comparison.html,cosmetic-dermatology/body-contouring,347,Y,N,2,Y,FAIL,Generic/non-unique content; Multiple conclusion headings
cherry-angiomas-red-mole-removal.html,cosmetic-dermatology/body-contouring,837,Y,N,0,N,FAIL,Generic/non-unique content
coolsculpting-cryolipolysis-fat-freezing-guide.html,cosmetic-dermatology/body-contouring,818,Y,N,0,N,FAIL,Generic/non-unique content
coolsculpting-cryolipolysis-guide.html,cosmetic-dermatology/body-contouring,333,Y,N,2,Y,FAIL,Generic/non-unique content; Multiple conclusion headings
crepey-skin-causes-and-treatment-options.html,cosmetic-dermatology/body-contouring,844,Y,N,0,N,FAIL,Generic/non-unique content
emsculpt-muscle-building-fat-reduction.html,cosmetic-dermatology/body-contouring,283,Y,N,2,Y,FAIL,Too short (< 300 words)
emsculpt-neo-combined-fat-burning-and-muscle-building.html,cosmetic-dermatology/body-contouring,848,Y,N,0,N,FAIL,Generic/non-unique content
emsculpt-neo-radiofrequency-treatment.html,cosmetic-dermatology/body-contouring,349,Y,N,1,Y,FAIL,Generic/non-unique content; Multiple conclusion headings
endermologie-mechanical-cellulite-massage.html,cosmetic-dermatology/body-contouring,825,Y,N,0,N,FAIL,Generic/non-unique content
index.html,cosmetic-dermatology/body-contouring,1114,Y,N,0,N,FAIL,Generic/non-unique content
injection-lipolysis-kybella-body.html,cosmetic-dermatology/body-contouring,435,Y,N,4,Y,FAIL,Generic/non-unique content; Too many template phrases (4); Multiple conclusion headings
iontophoresis-electric-current-sweat-therapy.html,cosmetic-dermatology/body-contouring,821,Y,N,0,N,FAIL,Generic/non-unique content
keratosis-pilaris-chicken-skin-bumps-treatment.html,cosmetic-dermatology/body-contouring,835,Y,N,0,N,FAIL,Generic/non-unique content
kybella-injectable-fat-dissolving-for-double-chin.html,cosmetic-dermatology/body-contouring,823,Y,N,0,N,FAIL,Generic/non-unique content
laser-stretch-marks-treatment.html,cosmetic-dermatology/body-contouring,385,Y,N,4,Y,FAIL,Generic/non-unique content; Too many template phrases (4); Multiple conclusion headings
laser-vein-treatment-surface-vein-removal.html,cosmetic-dermatology/body-contouring,854,Y,N,0,N,FAIL,Generic/non-unique content
miradry-hyperhidrosis-treatment.html,cosmetic-dermatology/body-contouring,552,Y,N,3,Y,FAIL,Generic/non-unique content; Too many template phrases (3); Multiple conclusion headings
miradry-permanent-underarm-sweat-reduction.html,cosmetic-dermatology/body-contouring,818,Y,N,0,N,FAIL,Generic/non-unique content
prescription-antiperspirants-aluminum-chloride-solutions.html,cosmetic-dermatology/body-contouring,834,Y,N,0,N,FAIL,Generic/non-unique content
qwo-cellulite-injection-treatment.html,cosmetic-dermatology/body-contouring,367,Y,N,1,Y,FAIL,Generic/non-unique content; Multiple conclusion headings
qwo-injectable-cellulite-treatment.html,cosmetic-dermatology/body-contouring,820,Y,N,0,N,FAIL,Generic/non-unique content
scar-treatment-overview.html,cosmetic-dermatology/body-contouring,321,Y,N,2,Y,FAIL,Generic/non-unique content; Multiple conclusion headings
sculpsure-laser-fat-reduction-treatment.html,cosmetic-dermatology/body-contouring,818,Y,N,0,N,FAIL,Generic/non-unique content
sculpsure-laser-lipolysis-guide.html,cosmetic-dermatology/body-contouring,302,Y,N,2,Y,FAIL,Generic/non-unique content; Multiple conclusion headings
skin-tightening-after-weight-loss-non-surgical-options.html,cosmetic-dermatology/body-contouring,891,Y,N,0,N,FAIL,Generic/non-unique content
spider-vein-laser-treatment.html,cosmetic-dermatology/body-contouring,479,Y,N,3,Y,FAIL,Generic/non-unique content; Too many template phrases (3); Multiple conclusion headings
spider-vein-sclerotherapy.html,cosmetic-dermatology/body-contouring,458,Y,N,2,Y,FAIL,Generic/non-unique content; Multiple conclusion headings
spider-vein-treatment-sclerotherapy-guide.html,cosmetic-dermatology/body-contouring,850,Y,N,0,N,FAIL,Generic/non-unique content
stretch-mark-treatment-laser-and-microneedling-options.html,cosmetic-dermatology/body-contouring,861,Y,N,0,N,FAIL,Generic/non-unique content
stretch-mark-treatments-overview.html,cosmetic-dermatology/body-contouring,359,Y,N,1,Y,FAIL,Generic/non-unique content; Multiple conclusion headings
tattoo-removal-color-challenges.html,cosmetic-dermatology/body-contouring,451,Y,N,3,Y,FAIL,Generic/non-unique content; Too many template phrases (3); Multiple conclusion headings
tattoo-removal-multi-session-planning.html,cosmetic-dermatology/body-contouring,521,Y,N,2,Y,FAIL,Generic/non-unique content; Multiple conclusion headings
trusculpt-id-radiofrequency-body-sculpting.html,cosmetic-dermatology/body-contouring,842,Y,N,0,N,FAIL,Generic/non-unique content
varicose-veins-overview.html,cosmetic-dermatology/body-contouring,475,Y,N,2,Y,FAIL,Generic/non-unique content; Multiple conclusion headings
varicose-veins-when-to-see-a-dermatologist.html,cosmetic-dermatology/body-contouring,839,Y,N,0,N,FAIL,Generic/non-unique content
adapalene-over-the-counter-retinoid-guide.html,skincare/skincare-science,824,Y,N,0,N,FAIL,Generic/non-unique content
adapalene.html,skincare/skincare-science,190,Y,Y,0,Y,FAIL,Too short (< 300 words)
aha-vs-bha.html,skincare/skincare-science,203,Y,N,2,Y,FAIL,Too short (< 300 words)
alpha-hydroxy-acids-glycolic-lactic-and-mandelic-acid-guide.html,skincare/skincare-science,856,Y,N,0,N,FAIL,Generic/non-unique content
anti-aging-skincare-routine-for-your-30s.html,skincare/skincare-science,901,Y,N,0,N,FAIL,Generic/non-unique content
antioxidants-in-skincare.html,skincare/skincare-science,201,Y,N,1,Y,FAIL,Too short (< 300 words)
azelaic-acid-versatile-treatment-for-acne-and-rosacea.html,skincare/skincare-science,839,Y,N,0,N,FAIL,Generic/non-unique content
bakuchiol-the-natural-retinol-alternative.html,skincare/skincare-science,820,Y,N,0,N,FAIL,Generic/non-unique content
barrier-repair-how-to-fix-a-damaged-skin-barrier.html,skincare/skincare-science,849,Y,N,0,N,FAIL,Generic/non-unique content
benzoyl-peroxide-how-it-works-and-how-to-use-it.html,skincare/skincare-science,851,Y,N,0,N,FAIL,Generic/non-unique content
beta-hydroxy-acid-salicylic-acid-deep-dive.html,skincare/skincare-science,851,Y,N,0,N,FAIL,Generic/non-unique content
blue-light-and-skin-does-screen-time-damage-your-skin.html,skincare/skincare-science,881,Y,N,0,N,FAIL,Generic/non-unique content
building-a-routine-for-sensitive-skin.html,skincare/skincare-science,901,Y,N,0,N,FAIL,Generic/non-unique content
building-basic-skincare-routine.html,skincare/skincare-science,214,Y,N,1,Y,FAIL,Too short (< 300 words)
centella-asiatica-traditional-remedy-meets-modern-science.html,skincare/skincare-science,838,Y,N,0,N,FAIL,Generic/non-unique content
ceramides-restoring-your-skin-barrier.html,skincare/skincare-science,817,Y,N,0,N,FAIL,Generic/non-unique content
ceramides.html,skincare/skincare-science,195,Y,Y,1,Y,FAIL,Too short (< 300 words)
combination-skin-routine.html,skincare/skincare-science,221,Y,N,0,Y,FAIL,Too short (< 300 words)
double-cleansing-is-it-worth-the-extra-step.html,skincare/skincare-science,847,Y,N,0,N,FAIL,Generic/non-unique content
double-cleansing.html,skincare/skincare-science,198,Y,N,1,Y,FAIL,Too short (< 300 words)
dry-skin-routine.html,skincare/skincare-science,205,Y,N,0,Y,FAIL,Too short (< 300 words)
exfoliation-guide-physical-vs-chemical-methods.html,skincare/skincare-science,843,Y,N,0,N,FAIL,Generic/non-unique content
face-masks-sheet-masks-clay-masks-and-overnight-masks.html,skincare/skincare-science,837,Y,N,0,N,FAIL,Generic/non-unique content
glycolic-acid-vs-salicylic-acid-choosing-your-exfoliant.html,skincare/skincare-science,892,Y,N,0,N,FAIL,Generic/non-unique content
glycolic-acid.html,skincare/skincare-science,198,Y,N,0,Y,FAIL,Too short (< 300 words)
hyaluronic-acid-science-behind-skin-hydration.html,skincare/skincare-science,834,Y,N,0,N,FAIL,Generic/non-unique content
hyaluronic-acid.html,skincare/skincare-science,197,Y,N,1,Y,FAIL,Too short (< 300 words)
index.html,skincare/skincare-science,1973,Y,N,0,N,FAIL,Generic/non-unique content
ingredient-interactions.html,skincare/skincare-science,191,Y,N,0,Y,FAIL,Too short (< 300 words)
lactic-acid.html,skincare/skincare-science,193,Y,N,0,Y,FAIL,Too short (< 300 words)
micellar-water-gentle-cleansing-science.html,skincare/skincare-science,833,Y,N,0,N,FAIL,Generic/non-unique content
micellar-water.html,skincare/skincare-science,198,Y,N,1,Y,FAIL,Too short (< 300 words)
mineral-vs-chemical-sunscreen-which-is-better-for-you.html,skincare/skincare-science,869,Y,N,0,N,FAIL,Generic/non-unique content
minimalist-skincare-less-is-more-approach.html,skincare/skincare-science,843,Y,N,0,N,FAIL,Generic/non-unique content
moisturizer-types-creams-lotions-and-ointments-explained.html,skincare/skincare-science,845,Y,N,0,N,FAIL,Generic/non-unique content
moisturizers-by-skin-type.html,skincare/skincare-science,223,Y,N,1,Y,FAIL,Too short (< 300 words)
niacinamide-the-multi-benefit-skincare-powerhouse.html,skincare/skincare-science,820,Y,N,0,N,FAIL,Generic/non-unique content
niacinamide.html,skincare/skincare-science,190,Y,Y,0,Y,FAIL,Too short (< 300 words)
nighttime-skincare-routine-maximizing-skin-repair.html,skincare/skincare-science,853,Y,N,0,N,FAIL,Generic/non-unique content
oil-cleansing-method-benefits-and-risks.html,skincare/skincare-science,853,Y,N,0,N,FAIL,Generic/non-unique content
oil-cleansing.html,skincare/skincare-science,192,Y,N,0,Y,FAIL,Too short (< 300 words)
oily-skin-routine.html,skincare/skincare-science,207,Y,N,0,Y,FAIL,Too short (< 300 words)
peptides-in-skincare-building-blocks-for-younger-skin.html,skincare/skincare-science,852,Y,N,0,N,FAIL,Generic/non-unique content
peptides.html,skincare/skincare-science,187,Y,Y,0,Y,FAIL,Too short (< 300 words)
post-workout-skincare-sweat-pimples-and-prevention.html,skincare/skincare-science,843,Y,N,0,N,FAIL,Generic/non-unique content
reef-safe-sunscreen.html,skincare/skincare-science,193,Y,N,1,Y,FAIL,Too short (< 300 words)
retinoids-101-retinol-retinal-and-prescription-tretinoin.html,skincare/skincare-science,838,Y,N,0,N,FAIL,Generic/non-unique content
retinoids-overview.html,skincare/skincare-science,195,Y,N,1,Y,FAIL,Too short (< 300 words)
retinol-beginners-guide.html,skincare/skincare-science,196,Y,N,1,Y,FAIL,Too short (< 300 words)
salicylic-acid.html,skincare/skincare-science,204,Y,N,1,Y,FAIL,Too short (< 300 words)
sensitive-skin-routine.html,skincare/skincare-science,215,Y,N,1,Y,FAIL,Too short (< 300 words)
skin-barrier-repair.html,skincare/skincare-science,208,Y,N,0,Y,FAIL,Too short (< 300 words)
skin-microbiome-the-invisible-ecosystem-on-your-skin.html,skincare/skincare-science,847,Y,N,0,N,FAIL,Generic/non-unique content
skin-microbiome.html,skincare/skincare-science,206,Y,N,1,Y,FAIL,Too short (< 300 words)
skin-purging-vs-breakouts-how-to-tell-the-difference.html,skincare/skincare-science,872,Y,N,0,N,FAIL,Generic/non-unique content
skincare-layering-the-correct-order-of-products.html,skincare/skincare-science,845,Y,N,0,N,FAIL,Generic/non-unique content
skincare-routine-for-oily-acne-prone-skin.html,skincare/skincare-science,903,Y,N,0,N,FAIL,Generic/non-unique content
spf-explained-understanding-sun-protection-factor.html,skincare/skincare-science,834,Y,N,0,N,FAIL,Generic/non-unique content
spf-explained.html,skincare/skincare-science,191,Y,N,1,Y,FAIL,Too short (< 300 words)
squalane-oil-lightweight-moisturizing-science.html,skincare/skincare-science,841,Y,N,0,N,FAIL,Generic/non-unique content
sun-protection-after-procedures-post-treatment-care.html,skincare/skincare-science,873,Y,N,0,N,FAIL,Generic/non-unique content
sunscreen-application-guide.html,skincare/skincare-science,213,Y,N,1,Y,FAIL,Too short (< 300 words)
sunscreen-chemical-vs-mineral.html,skincare/skincare-science,207,Y,N,2,Y,FAIL,Too short (< 300 words)
sunscreen-for-dark-skin-avoiding-the-white-cast.html,skincare/skincare-science,877,Y,N,0,N,FAIL,Generic/non-unique content
sunscreen-myths-debunked-what-science-actually-says.html,skincare/skincare-science,851,Y,N,0,N,FAIL,Generic/non-unique content
the-10-step-korean-skincare-routine-evidence-review.html,skincare/skincare-science,883,Y,N,0,N,FAIL,Generic/non-unique content
the-science-of-skin-ph-why-it-matters-for-product-choice.html,skincare/skincare-science,898,Y,N,0,N,FAIL,Generic/non-unique content
toner-vs-essence-understanding-asian-skincare-steps.html,skincare/skincare-science,854,Y,N,0,N,FAIL,Generic/non-unique content
tranexamic-acid-emerging-ingredient-for-hyperpigmentation.html,skincare/skincare-science,834,Y,N,0,N,FAIL,Generic/non-unique content
tretinoin-guide.html,skincare/skincare-science,202,Y,N,1,Y,FAIL,Too short (< 300 words)
uva-vs-uvb-different-rays-different-damage.html,skincare/skincare-science,860,Y,N,0,N,FAIL,Generic/non-unique content
vitamin-c-serums-antioxidant-protection-for-skin.html,skincare/skincare-science,860,Y,N,0,N,FAIL,Generic/non-unique content
vitamin-c-serums.html,skincare/skincare-science,202,Y,N,0,Y,FAIL,Too short (< 300 words)
water-resistant-sunscreen-swimming-and-sweat-guide.html,skincare/skincare-science,843,Y,N,0,N,FAIL,Generic/non-unique content
zinc-oxide-in-skincare-beyond-sunscreen-protection.html,skincare/skincare-science,875,Y,N,0,N,FAIL,Generic/non-unique content
athletes-skincare-sports-and-skin-protection.html,skincare/mens-derm,832,Y,N,0,N,FAIL,Generic/non-unique content
balanitis-male-genital-skin-inflammation.html,skincare/mens-derm,824,Y,N,0,N,FAIL,Generic/non-unique content
beard-care-routine-skin-under-your-facial-hair.html,skincare/mens-derm,850,Y,N,0,N,FAIL,Generic/non-unique content
beard-dermatitis.html,skincare/mens-derm,184,Y,N,1,Y,FAIL,Too short (< 300 words)
beard-transplant-facial-hair-restoration.html,skincare/mens-derm,834,Y,N,0,N,FAIL,Generic/non-unique content
body-grooming-skin-issues.html,skincare/mens-derm,200,Y,N,2,Y,FAIL,Too short (< 300 words)
brotox-men-and-botox-popularity-rise.html,skincare/mens-derm,819,Y,N,0,N,FAIL,Generic/non-unique content
crown-thinning-vertex-baldness-treatment-options.html,skincare/mens-derm,841,Y,N,0,N,FAIL,Generic/non-unique content
eyebrow-transplant-restoring-brow-fullness.html,skincare/mens-derm,834,Y,N,0,N,FAIL,Generic/non-unique content
folliculitis-barbae.html,skincare/mens-derm,190,Y,N,1,Y,FAIL,Too short (< 300 words)
gynecomastia-and-skin-chest-skin-concerns-in-men.html,skincare/mens-derm,853,Y,N,0,N,FAIL,Generic/non-unique content
gynecomastia-skin.html,skincare/mens-derm,191,Y,N,0,Y,FAIL,Too short (< 300 words)
hair-restoration-for-men-comparing-all-options.html,skincare/mens-derm,873,Y,N,0,N,FAIL,Generic/non-unique content
hidradenitis-in-men-groin-and-axillary-management.html,skincare/mens-derm,852,Y,N,0,N,FAIL,Generic/non-unique content
index.html,skincare/mens-derm,1023,Y,N,0,N,FAIL,Generic/non-unique content
ingrown-beard-hairs-prevention-and-solutions.html,skincare/mens-derm,851,Y,N,0,N,FAIL,Generic/non-unique content
ingrown-hair-prevention.html,skincare/mens-derm,189,Y,N,0,Y,FAIL,Too short (< 300 words)
jock-itch-male-groin-fungal-infection-guide.html,skincare/mens-derm,843,Y,N,0,N,FAIL,Generic/non-unique content
male-botox-brotox.html,skincare/mens-derm,179,Y,N,1,Y,FAIL,Too short (< 300 words)
male-jawline-contouring-filler-and-botox-options.html,skincare/mens-derm,858,Y,N,0,N,FAIL,Generic/non-unique content
male-pattern-baldness-norwood-scale-and-treatment.html,skincare/mens-derm,858,Y,N,0,N,FAIL,Generic/non-unique content
male-pattern-baldness-treatments.html,skincare/mens-derm,185,Y,N,0,Y,FAIL,Too short (< 300 words)
male-skin-cancer-risks.html,skincare/mens-derm,195,Y,N,2,Y,FAIL,Too short (< 300 words)
mens-acne-treatment.html,skincare/mens-derm,194,Y,N,1,Y,FAIL,Too short (< 300 words)
mens-anti-aging-skincare.html,skincare/mens-derm,193,Y,N,1,Y,FAIL,Too short (< 300 words)
mens-anti-aging-when-to-start-and-what-to-use.html,skincare/mens-derm,838,Y,N,0,N,FAIL,Generic/non-unique content
mens-basic-skincare-routine-start-here.html,skincare/mens-derm,864,Y,N,0,N,FAIL,Generic/non-unique content
mens-body-contouring-coolsculpting-and-emsculpt.html,skincare/mens-derm,856,Y,N,0,N,FAIL,Generic/non-unique content
mens-dark-circles.html,skincare/mens-derm,189,Y,N,1,Y,FAIL,Too short (< 300 words)
mens-hand-care.html,skincare/mens-derm,192,Y,N,1,Y,FAIL,Too short (< 300 words)
mens-laser-hair-removal-back-chest-and-shoulders.html,skincare/mens-derm,866,Y,N,0,N,FAIL,Generic/non-unique content
mens-scalp-health.html,skincare/mens-derm,197,Y,N,1,Y,FAIL,Too short (< 300 words)
mens-skincare-advanced-routine.html,skincare/mens-derm,193,Y,N,0,Y,FAIL,Too short (< 300 words)
mens-skincare-routine-basics.html,skincare/mens-derm,207,Y,N,1,Y,FAIL,Too short (< 300 words)
mens-sunscreen-guide.html,skincare/mens-derm,191,Y,N,2,Y,FAIL,Too short (< 300 words)
mens-under-eye-treatment-dark-circles-and-bags.html,skincare/mens-derm,858,Y,N,0,N,FAIL,Generic/non-unique content
post-shave-skincare-preventing-irritation.html,skincare/mens-derm,833,Y,N,0,N,FAIL,Generic/non-unique content
razor-bumps-pseudofolliculitis-barbae-treatment.html,skincare/mens-derm,834,Y,N,0,N,FAIL,Generic/non-unique content
razor-bumps-pseudofolliculitis-barbae.html,skincare/mens-derm,203,Y,N,1,Y,FAIL,Too short (< 300 words)
shaving-dermatitis.html,skincare/mens-derm,190,Y,N,1,Y,FAIL,Too short (< 300 words)
sports-dermatology-male-athletes.html,skincare/mens-derm,194,Y,N,1,Y,FAIL,Too short (< 300 words)
temple-hair-loss-in-men-early-warning-signs.html,skincare/mens-derm,882,Y,N,0,N,FAIL,Generic/non-unique content
testosterone-skin-health.html,skincare/mens-derm,197,Y,N,0,Y,FAIL,Too short (< 300 words)
biotin-for-hair-growth-evidence-review.html,skincare/womens-derm,871,Y,N,0,N,FAIL,Generic/non-unique content
birth-control-and-hair-oral-contraceptive-effects.html,skincare/womens-derm,865,Y,N,0,N,FAIL,Generic/non-unique content
birth-control-and-skin-effects.html,skincare/womens-derm,207,Y,N,1,Y,FAIL,Too short (< 300 words)
breastfeeding-and-skin-nipple-dermatitis-management.html,skincare/womens-derm,851,Y,N,0,N,FAIL,Generic/non-unique content
female-pattern-hair-loss-ludwig-classification.html,skincare/womens-derm,864,Y,N,0,N,FAIL,Generic/non-unique content
female-pattern-hair-loss.html,skincare/womens-derm,204,Y,N,0,Y,FAIL,Too short (< 300 words)
hair-loss-during-menopause-hormonal-hair-thinning.html,skincare/womens-derm,873,Y,N,0,N,FAIL,Generic/non-unique content
hirsutism-excessive-hair-growth-in-women.html,skincare/womens-derm,826,Y,N,0,N,FAIL,Generic/non-unique content
hormonal-acne-in-women-pcos-and-skin.html,skincare/womens-derm,873,Y,N,0,N,FAIL,Generic/non-unique content
hormonal-acne-women.html,skincare/womens-derm,226,Y,N,0,Y,FAIL,Too short (< 300 words)
hormonal-aging.html,skincare/womens-derm,232,Y,N,1,Y,FAIL,Too short (< 300 words)
hormone-replacement-therapy-and-skin-health.html,skincare/womens-derm,896,Y,N,0,N,FAIL,Generic/non-unique content
hot-flashes-and-skin-flushing-management.html,skincare/womens-derm,864,Y,N,0,N,FAIL,Generic/non-unique content
index.html,skincare/womens-derm,1063,Y,N,0,N,FAIL,Generic/non-unique content
iron-deficiency-hair-loss-in-women-testing-and-treatment.html,skincare/womens-derm,899,Y,N,0,N,FAIL,Generic/non-unique content
linea-nigra.html,skincare/womens-derm,184,Y,N,0,Y,FAIL,Too short (< 300 words)
melasma-comprehensive-guide.html,skincare/womens-derm,187,Y,N,0,Y,FAIL,Too short (< 300 words)
melasma-during-pregnancy-the-mask-of-pregnancy.html,skincare/womens-derm,858,Y,N,0,N,FAIL,Generic/non-unique content
menopause-and-skin-aging-estrogen-decline-effects.html,skincare/womens-derm,865,Y,N,0,N,FAIL,Generic/non-unique content
menopause-skin-dryness.html,skincare/womens-derm,195,Y,N,1,Y,FAIL,Too short (< 300 words)
menopause-skin-thinning.html,skincare/womens-derm,195,Y,N,0,Y,FAIL,Too short (< 300 words)
menstrual-cycle-and-skin.html,skincare/womens-derm,232,Y,N,2,Y,FAIL,Too short (< 300 words)
oral-contraceptives-for-acne.html,skincare/womens-derm,199,Y,N,0,Y,FAIL,Too short (< 300 words)
pcos-and-skin.html,skincare/womens-derm,210,Y,N,0,Y,FAIL,Too short (< 300 words)
pcos-hair-loss-androgenic-alopecia-in-women.html,skincare/womens-derm,852,Y,N,0,N,FAIL,Generic/non-unique content
perimenopause-acne-late-onset-breakouts.html,skincare/womens-derm,833,Y,N,0,N,FAIL,Generic/non-unique content
perioral-dermatitis-in-women-causes-and-treatment.html,skincare/womens-derm,868,Y,N,0,N,FAIL,Generic/non-unique content
perioral-dermatitis.html,skincare/womens-derm,184,Y,N,0,Y,FAIL,Too short (< 300 words)
postpartum-skin-changes.html,skincare/womens-derm,190,Y,N,1,Y,FAIL,Too short (< 300 words)
pregnancy-safe-treatments-for-acne.html,skincare/womens-derm,197,Y,N,0,Y,FAIL,Too short (< 300 words)
pregnancy-skin-changes-what-to-expect-each-trimester.html,skincare/womens-derm,853,Y,N,0,N,FAIL,Generic/non-unique content
pregnancy-stretch-marks.html,skincare/womens-derm,193,Y,N,0,Y,FAIL,Too short (< 300 words)
puppp-pregnancy-rash.html,skincare/womens-derm,184,Y,N,1,Y,FAIL,Too short (< 300 words)
puppp-rash-itchy-skin-in-late-pregnancy.html,skincare/womens-derm,833,Y,N,0,N,FAIL,Generic/non-unique content
safe-skincare-breastfeeding.html,skincare/womens-derm,251,Y,N,1,Y,FAIL,Too short (< 300 words)
safe-skincare-during-pregnancy-what-to-avoid.html,skincare/womens-derm,873,Y,N,0,N,FAIL,Generic/non-unique content
safe-skincare-during-pregnancy.html,skincare/womens-derm,231,Y,N,0,Y,FAIL,Too short (< 300 words)
spironolactone-for-women.html,skincare/womens-derm,196,Y,N,0,Y,FAIL,Too short (< 300 words)
stretch-marks-in-pregnancy-prevention-and-treatment.html,skincare/womens-derm,865,Y,N,0,N,FAIL,Generic/non-unique content
thinning-skin-after-menopause-collagen-loss-prevention.html,skincare/womens-derm,873,Y,N,0,N,FAIL,Generic/non-unique content
thyroid-and-skin-how-thyroid-disorders-affect-womens-skin.html,skincare/womens-derm,854,Y,N,0,N,FAIL,Generic/non-unique content
vaginal-dryness-and-vulvar-skin-menopause-changes.html,skincare/womens-derm,881,Y,N,0,N,FAIL,Generic/non-unique content
womens-anti-aging-guide.html,skincare/womens-derm,191,Y,N,0,Y,FAIL,Too short (< 300 words)
air-pollution-and-skin-urban-skin-damage.html,skincare/lifestyle,873,Y,N,0,N,FAIL,Generic/non-unique content
alcohol-and-skin-how-drinking-affects-your-complexion.html,skincare/lifestyle,850,Y,N,0,N,FAIL,Generic/non-unique content
alcohol-effects-skin.html,skincare/lifestyle,346,Y,N,3,Y,FAIL,Generic/non-unique content; Too many template phrases (3); Multiple conclusion headings
anti-inflammatory-diet-for-clear-skin.html,skincare/lifestyle,879,Y,N,0,N,FAIL,Generic/non-unique content
anti-inflammatory-diet-skin.html,skincare/lifestyle,325,Y,N,3,Y,FAIL,Generic/non-unique content; Too many template phrases (3); Multiple conclusion headings
anxiety-and-skin-psychodermatology-explained.html,skincare/lifestyle,850,Y,N,0,N,FAIL,Generic/non-unique content
beauty-sleep-how-rest-repairs-your-skin.html,skincare/lifestyle,833,Y,N,0,N,FAIL,Generic/non-unique content
blue-light-from-screens-impact-on-skin-health.html,skincare/lifestyle,869,Y,N,0,N,FAIL,Generic/non-unique content
blue-light-screen-damage.html,skincare/lifestyle,420,Y,N,0,Y,FAIL,Generic/non-unique content; Multiple conclusion headings
collagen-supplements-do-they-actually-work-for-skin.html,skincare/lifestyle,837,Y,N,0,N,FAIL,Generic/non-unique content
dairy-acne-link.html,skincare/lifestyle,305,Y,N,2,Y,FAIL,Generic/non-unique content; Multiple conclusion headings
dairy-and-acne-examining-the-evidence.html,skincare/lifestyle,856,Y,N,0,N,FAIL,Generic/non-unique content
diet-affects-skin-overview.html,skincare/lifestyle,357,Y,N,2,Y,FAIL,Generic/non-unique content; Multiple conclusion headings
exercise-and-skin-benefits-and-precautions.html,skincare/lifestyle,851,Y,N,0,N,FAIL,Generic/non-unique content
exercise-skin-health.html,skincare/lifestyle,310,Y,N,4,Y,FAIL,Generic/non-unique content; Too many template phrases (4); Multiple conclusion headings
gut-skin-axis-connection.html,skincare/lifestyle,316,Y,N,4,Y,FAIL,Generic/non-unique content; Too many template phrases (4); Multiple conclusion headings
gut-skin-axis-how-digestive-health-affects-your-skin.html,skincare/lifestyle,834,Y,N,0,N,FAIL,Generic/non-unique content
hard-water-and-skin-mineral-buildup-effects.html,skincare/lifestyle,865,Y,N,0,N,FAIL,Generic/non-unique content
hard-water-skin.html,skincare/lifestyle,429,Y,N,1,Y,FAIL,Generic/non-unique content; Multiple conclusion headings
humidity-and-skin-adapting-your-routine.html,skincare/lifestyle,851,Y,N,0,N,FAIL,Generic/non-unique content
humidity-skin.html,skincare/lifestyle,397,Y,N,3,Y,FAIL,Generic/non-unique content; Too many template phrases (3); Multiple conclusion headings
hydration-skin-health.html,skincare/lifestyle,356,Y,N,5,Y,FAIL,Generic/non-unique content; Too many template phrases (5); Multiple conclusion headings
index.html,skincare/lifestyle,1148,Y,N,0,N,FAIL,Generic/non-unique content
meditation-and-skin-health-mind-body-connection.html,skincare/lifestyle,871,Y,N,0,N,FAIL,Generic/non-unique content
pollution-skin-damage.html,skincare/lifestyle,311,Y,N,3,Y,FAIL,Generic/non-unique content; Too many template phrases (3); Multiple conclusion headings
seasonal-allergies-and-skin-spring-flare-management.html,skincare/lifestyle,868,Y,N,0,N,FAIL,Generic/non-unique content
sleep-skin-repair.html,skincare/lifestyle,388,Y,N,4,Y,FAIL,Generic/non-unique content; Too many template phrases (4); Multiple conclusion headings
smoking-and-skin-premature-aging-and-healing.html,skincare/lifestyle,858,Y,N,0,N,FAIL,Generic/non-unique content
smoking-skin-aging.html,skincare/lifestyle,348,Y,N,4,Y,FAIL,Generic/non-unique content; Too many template phrases (4); Multiple conclusion headings
stress-and-skin-the-cortisol-connection.html,skincare/lifestyle,848,Y,N,0,N,FAIL,Generic/non-unique content
stress-induced-skin-flareups.html,skincare/lifestyle,334,Y,N,3,Y,FAIL,Generic/non-unique content; Too many template phrases (3); Multiple conclusion headings
stress-skin-cortisol-effects.html,skincare/lifestyle,309,Y,N,2,Y,FAIL,Generic/non-unique content; Multiple conclusion headings
sugar-and-skin-how-glycation-ages-your-face.html,skincare/lifestyle,853,Y,N,0,N,FAIL,Generic/non-unique content
sugar-skin-aging-glycation.html,skincare/lifestyle,303,Y,N,1,Y,FAIL,Generic/non-unique content; Multiple conclusion headings
summer-skincare-heat-humidity-and-sun-protection.html,skincare/lifestyle,836,Y,N,0,N,FAIL,Generic/non-unique content
summer-skincare.html,skincare/lifestyle,326,Y,N,0,Y,FAIL,Generic/non-unique content; Multiple conclusion headings
tattoo-ink-safety-what-goes-under-your-skin.html,skincare/lifestyle,850,Y,N,0,N,FAIL,Generic/non-unique content
travel-skincare-airplane-skin-and-climate-adaptation.html,skincare/lifestyle,843,Y,N,0,N,FAIL,Generic/non-unique content
travel-skincare-tips.html,skincare/lifestyle,291,Y,N,3,Y,FAIL,Too short (< 300 words)
wind-burn-cold-weather-skin-damage.html,skincare/lifestyle,841,Y,N,0,N,FAIL,Generic/non-unique content
winter-skincare-protecting-skin-in-cold-weather.html,skincare/lifestyle,843,Y,N,0,N,FAIL,Generic/non-unique content
winter-skincare.html,skincare/lifestyle,340,Y,N,6,Y,FAIL,Generic/non-unique content; Too many template phrases (6); Multiple conclusion headings
workplace-skin-hazards.html,skincare/lifestyle,398,Y,N,1,Y,FAIL,Generic/non-unique content; Multiple conclusion headings
base-tan-myth.html,skincare/myths,368,Y,N,2,Y,FAIL,Generic/non-unique content; Multiple conclusion headings
botox-addictive-myth.html,skincare/myths,446,Y,N,2,Y,FAIL,Generic/non-unique content; Multiple conclusion headings
botox-frozen-face-myth.html,skincare/myths,517,Y,N,3,Y,FAIL,Generic/non-unique content; Too many template phrases (3); Multiple conclusion headings
botox-toxic-myth.html,skincare/myths,458,Y,N,3,Y,FAIL,Generic/non-unique content; Too many template phrases (3); Multiple conclusion headings
chocolate-causes-acne-myth.html,skincare/myths,470,Y,N,2,Y,FAIL,Generic/non-unique content; Multiple conclusion headings
coconut-oil-all-skin-myth.html,skincare/myths,515,Y,N,2,Y,FAIL,Generic/non-unique content; Multiple conclusion headings
dark-skin-sunscreen-myth.html,skincare/myths,410,Y,N,3,Y,FAIL,Generic/non-unique content; Too many template phrases (3); Multiple conclusion headings
dirty-skin-acne-myth.html,skincare/myths,504,Y,N,2,Y,FAIL,Generic/non-unique content; Multiple conclusion headings
expensive-skincare-myth.html,skincare/myths,664,Y,N,3,Y,FAIL,Generic/non-unique content; Too many template phrases (3); Multiple conclusion headings
index.html,skincare/myths,1067,Y,N,0,N,FAIL,Generic/non-unique content
laser-thins-skin-myth.html,skincare/myths,627,Y,N,1,Y,FAIL,Generic/non-unique content; Multiple conclusion headings
lemon-juice-dark-spots-myth.html,skincare/myths,519,Y,N,4,Y,FAIL,Generic/non-unique content; Too many template phrases (4); Multiple conclusion headings
myth-a-base-tan-protects-you-from-sunburn.html,skincare/myths,827,Y,N,0,N,FAIL,Generic/non-unique content
myth-antibiotics-always-clear-acne.html,skincare/myths,824,Y,N,0,N,FAIL,Generic/non-unique content
myth-botox-makes-your-face-frozen.html,skincare/myths,822,Y,N,0,N,FAIL,Generic/non-unique content
myth-chemical-peels-are-dangerous.html,skincare/myths,821,Y,N,0,N,FAIL,Generic/non-unique content
myth-dark-skin-doesnt-need-sunscreen.html,skincare/myths,822,Y,N,0,N,FAIL,Generic/non-unique content
myth-drinking-water-alone-hydrates-your-skin.html,skincare/myths,834,Y,N,0,N,FAIL,Generic/non-unique content
myth-expensive-skincare-works-better.html,skincare/myths,821,Y,N,0,N,FAIL,Generic/non-unique content
myth-fillers-stretch-your-skin-out.html,skincare/myths,822,Y,N,0,N,FAIL,Generic/non-unique content
myth-higher-spf-means-you-can-stay-out-longer.html,skincare/myths,838,Y,N,0,N,FAIL,Generic/non-unique content
myth-laser-treatments-thin-your-skin.html,skincare/myths,832,Y,N,0,N,FAIL,Generic/non-unique content
myth-natural-remedies-are-always-safer.html,skincare/myths,825,Y,N,0,N,FAIL,Generic/non-unique content
myth-oily-skin-doesnt-need-moisturizer.html,skincare/myths,832,Y,N,0,N,FAIL,Generic/non-unique content
myth-once-you-start-botox-you-cant-stop.html,skincare/myths,836,Y,N,0,N,FAIL,Generic/non-unique content
myth-popping-pimples-makes-them-heal-faster.html,skincare/myths,823,Y,N,0,N,FAIL,Generic/non-unique content
myth-pores-open-and-close-with-temperature.html,skincare/myths,834,Y,N,0,N,FAIL,Generic/non-unique content
myth-steroid-creams-are-always-dangerous.html,skincare/myths,832,Y,N,0,N,FAIL,Generic/non-unique content
myth-sunscreen-causes-vitamin-d-deficiency.html,skincare/myths,825,Y,N,0,N,FAIL,Generic/non-unique content
myth-toothpaste-cures-pimples.html,skincare/myths,828,Y,N,0,N,FAIL,Generic/non-unique content
myth-you-can-shrink-your-pores-permanently.html,skincare/myths,834,Y,N,0,N,FAIL,Generic/non-unique content
myth-you-dont-need-sunscreen-on-cloudy-days.html,skincare/myths,827,Y,N,0,N,FAIL,Generic/non-unique content
myth-you-need-to-let-your-skin-breathe.html,skincare/myths,827,Y,N,0,N,FAIL,Generic/non-unique content
myth-you-should-scrub-eczema-away.html,skincare/myths,822,Y,N,0,N,FAIL,Generic/non-unique content
natural-always-better-myth.html,skincare/myths,585,Y,N,3,Y,FAIL,Generic/non-unique content; Too many template phrases (3); Multiple conclusion headings
one-laser-session-myth.html,skincare/myths,560,Y,N,3,Y,FAIL,Generic/non-unique content; Too many template phrases (3); Multiple conclusion headings
spf-100-myth.html,skincare/myths,345,Y,N,3,Y,FAIL,Generic/non-unique content; Too many template phrases (3); Multiple conclusion headings
sun-clears-acne-myth.html,skincare/myths,502,Y,N,4,Y,FAIL,Generic/non-unique content; Too many template phrases (4); Multiple conclusion headings
sunscreen-causes-cancer-myth.html,skincare/myths,415,Y,N,1,Y,FAIL,Generic/non-unique content; Multiple conclusion headings
tanning-beds-safer-myth.html,skincare/myths,385,Y,N,3,Y,FAIL,Generic/non-unique content; Too many template phrases (3); Multiple conclusion headings
ten-step-routine-myth.html,skincare/myths,565,Y,N,4,Y,FAIL,Generic/non-unique content; Too many template phrases (4); Multiple conclusion headings
toothpaste-pimple-myth.html,skincare/myths,398,Y,N,2,Y,FAIL,Generic/non-unique content; Multiple conclusion headings
wrinkles-40s-myth.html,skincare/myths,694,Y,N,4,Y,FAIL,Generic/non-unique content; Too many template phrases (4); Multiple conclusion headings
acne-extraction.html,skincare/procedures-az,313,Y,N,4,Y,FAIL,Generic/non-unique content; Too many template phrases (4); Multiple conclusion headings
acne-surgery-extraction-and-drainage-procedures.html,skincare/procedures-az,835,Y,N,0,N,FAIL,Generic/non-unique content
biologic-injection-therapy.html,skincare/procedures-az,320,Y,N,0,Y,FAIL,Generic/non-unique content; Multiple conclusion headings
biopsy-types-in-dermatology-a-complete-guide.html,skincare/procedures-az,871,Y,N,0,N,FAIL,Generic/non-unique content
botox-treatment.html,skincare/procedures-az,307,Y,N,1,Y,FAIL,Generic/non-unique content; Multiple conclusion headings
chemical-peel.html,skincare/procedures-az,310,Y,N,1,Y,FAIL,Generic/non-unique content; Multiple conclusion headings
coolsculpting.html,skincare/procedures-az,314,Y,Y,1,Y,FAIL,Multiple conclusion headings
cryotherapy-freezing-skin-conditions-a-to-z.html,skincare/procedures-az,820,Y,N,0,N,FAIL,Generic/non-unique content
cryotherapy.html,skincare/procedures-az,295,Y,Y,5,Y,FAIL,Too short (< 300 words)
dermabrasion.html,skincare/procedures-az,296,Y,Y,2,Y,FAIL,Too short (< 300 words)
dermal-filler-injection.html,skincare/procedures-az,334,Y,N,2,Y,FAIL,Generic/non-unique content; Multiple conclusion headings
electrolysis.html,skincare/procedures-az,340,Y,Y,1,Y,FAIL,Multiple conclusion headings
electrosurgery-in-dermatology-complete-reference.html,skincare/procedures-az,853,Y,N,0,N,FAIL,Generic/non-unique content
excisional-biopsy.html,skincare/procedures-az,330,Y,N,3,Y,FAIL,Generic/non-unique content; Too many template phrases (3); Multiple conclusion headings
hair-transplant-procedures-fue-fut-and-beyond.html,skincare/procedures-az,861,Y,N,0,N,FAIL,Generic/non-unique content
hydrafacial.html,skincare/procedures-az,318,Y,Y,4,Y,FAIL,Too many template phrases (4); Multiple conclusion headings
index.html,skincare/procedures-az,816,Y,N,0,N,FAIL,Generic/non-unique content
intralesional-injection-steroid-and-treatment-guide.html,skincare/procedures-az,838,Y,N,0,N,FAIL,Generic/non-unique content
ipl-photofacial.html,skincare/procedures-az,352,Y,N,4,Y,FAIL,Generic/non-unique content; Too many template phrases (4); Multiple conclusion headings
kybella-injection.html,skincare/procedures-az,344,Y,N,3,Y,FAIL,Generic/non-unique content; Too many template phrases (3); Multiple conclusion headings
laser-hair-removal.html,skincare/procedures-az,374,Y,N,4,Y,FAIL,Generic/non-unique content; Too many template phrases (4); Multiple conclusion headings
laser-skin-resurfacing.html,skincare/procedures-az,408,Y,N,7,Y,FAIL,Generic/non-unique content; Too many template phrases (7); Multiple conclusion headings
microdermabrasion.html,skincare/procedures-az,328,Y,Y,4,Y,FAIL,Too many template phrases (4); Multiple conclusion headings
microneedling.html,skincare/procedures-az,326,Y,Y,2,Y,FAIL,Multiple conclusion headings
mohs-surgery.html,skincare/procedures-az,379,Y,N,2,Y,FAIL,Generic/non-unique content; Multiple conclusion headings
photodynamic-therapy.html,skincare/procedures-az,345,Y,N,1,Y,FAIL,Generic/non-unique content; Multiple conclusion headings
phototherapy-uvb-and-puva-treatment-reference.html,skincare/procedures-az,829,Y,N,0,N,FAIL,Generic/non-unique content
platelet-rich-plasma-therapy.html,skincare/procedures-az,363,Y,N,5,Y,FAIL,Generic/non-unique content; Too many template phrases (5); Multiple conclusion headings
punch-biopsy.html,skincare/procedures-az,365,Y,N,2,Y,FAIL,Generic/non-unique content; Multiple conclusion headings
radiofrequency-skin-tightening.html,skincare/procedures-az,356,Y,N,3,Y,FAIL,Generic/non-unique content; Too many template phrases (3); Multiple conclusion headings
sclerotherapy-vein-treatment-procedure-guide.html,skincare/procedures-az,821,Y,N,0,N,FAIL,Generic/non-unique content
sclerotherapy.html,skincare/procedures-az,329,Y,Y,5,Y,FAIL,Too many template phrases (5); Multiple conclusion headings
shave-biopsy.html,skincare/procedures-az,343,Y,N,1,Y,FAIL,Generic/non-unique content; Multiple conclusion headings
thread-lift.html,skincare/procedures-az,337,Y,N,4,Y,FAIL,Generic/non-unique content; Too many template phrases (4); Multiple conclusion headings
tissue-expansion-in-dermatologic-surgery.html,skincare/procedures-az,882,Y,N,0,N,FAIL,Generic/non-unique content
